 股票代码, 股票名字, 今日开盘价, 昨日收盘价, 当前价格, 今日最高价, 今日最低价, 竞买价, 竞卖价, 成交股票数, 成交金额, 买一, 买一报价, 买二, 买二报价, 买三, 买三报价, 买四, 买四报价, 买五, 买五报价,  卖一, 卖一报价, 卖二, 卖二报价,卖三, 卖三报价,卖四, 卖四报价, 卖五, 卖五报价,日期, 时间, 其他
﻿603000,人民网,12.330,11.430,12.050,12.570,11.800,12.040,12.050,43830475,537695692.000,7100,12.040,500,12.030,17300,12.020,20500,12.010,41300,12.000,4200,12.050,15791,12.060,73400,12.070,14200,12.080,7300,12.090,2018-04-16,15:00:00,00
﻿603001,奥康国际,13.500,13.510,13.290,13.500,13.230,13.300,13.330,1386141,18447977.000,700,13.300,3000,13.290,5000,13.280,8900,13.270,33915,13.250,4100,13.330,12700,13.340,8910,13.350,6000,13.360,5300,13.370,2018-04-16,15:00:00,00
603002,宏昌电子,5.200,5.250,5.130,5.230,5.090,5.120,5.130,6042061,31136260.000,35100,5.120,115500,5.110,111400,5.100,55100,5.090,99500,5.080,4367,5.130,28300,5.140,35000,5.150,53900,5.160,25700,5.170,2018-04-16,15:00:00,00
603003,龙宇燃油,12.110,12.050,11.940,12.240,11.770,11.910,11.940,2536681,30232903.000,3900,11.910,102500,11.900,300,11.890,2400,11.880,4800,11.860,400,11.940,800,11.950,8900,11.990,10300,12.000,500,12.030,2018-04-16,15:00:00,00
603005,晶方科技,28.860,29.070,29.730,29.740,28.570,29.720,29.730,4575146,133925861.000,200,29.720,1400,29.710,48000,29.700,100,29.680,4700,29.650,400,29.730,9000,29.740,2200,29.750,11100,29.760,2201,29.770,2018-04-16,15:00:00,00
603006,联明股份,14.590,14.670,14.290,14.600,14.200,14.270,14.280,1786012,25564853.000,1100,14.270,25800,14.260,5200,14.250,3200,14.240,9200,14.230,2100,14.280,8400,14.300,3600,14.310,2800,14.320,6700,14.330,2018-04-16,15:00:00,00
603007,花王股份,14.120,14.160,14.140,14.210,13.900,14.130,14.140,2089139,29382056.000,2000,14.130,1200,14.120,2100,14.100,5700,14.090,1300,14.080,2400,14.140,33250,14.150,2800,14.160,8300,14.170,1000,14.180,2018-04-16,15:00:00,00
603008,喜临门,18.700,18.740,18.720,18.800,18.390,18.710,18.730,1912252,35551707.000,2100,18.710,2200,18.690,5700,18.680,5200,18.670,5000,18.660,2700,18.730,4100,18.740,12900,18.750,10000,18.760,8700,18.770,2018-04-16,15:00:00,00
603009,北特科技,12.180,12.120,11.910,12.180,11.610,11.900,11.910,5777200,68438556.000,2600,11.900,6800,11.890,36900,11.880,5300,11.870,15500,11.860,6700,11.910,2150,11.920,7500,11.930,32400,11.940,6700,11.950,2018-04-16,15:00:00,00
603010,万盛股份,24.390,24.570,25.910,25.960,24.250,25.890,25.900,3422958,86318897.000,12300,25.890,8500,25.880,100,25.860,100,25.850,2000,25.800,1100,25.900,1400,25.920,1800,25.930,2700,25.940,8500,25.950,2018-04-16,15:00:00,00
﻿603011,合锻智能,7.720,7.720,7.530,7.780,7.400,7.530,7.540,1811400,13731827.000,1400,7.530,1500,7.510,8300,7.500,5200,7.490,5600,7.480,1900,7.540,3200,7.560,8300,7.570,103,7.580,4000,7.590,2018-04-16,15:00:00,00
603012,创力集团,6.780,6.810,6.940,6.980,6.680,6.930,6.940,3891600,26686695.000,18900,6.930,71700,6.920,12600,6.910,24000,6.900,9900,6.890,2500,6.940,17238,6.950,62400,6.960,46900,6.970,40800,6.980,2018-04-16,15:00:00,00
603013,亚普股份,0.000,0.000,0.000,0.000,0.000,0.000,0.000,0,0.000,0,0.000,0,0.000,0,0.000,0,0.000,0,0.000,0,0.000,0,0.000,0,0.000,0,0.000,0,0.000,2018-04-16,11:45:01,-2
603015,弘讯科技,7.950,8.000,8.060,8.060,7.900,8.040,8.050,2151100,17173710.000,12000,8.040,3700,8.030,1500,8.020,5000,8.010,66500,8.000,100,8.050,45600,8.060,10900,8.070,34600,8.080,900,8.090,2018-04-16,15:00:00,00
603016,新宏泰,21.460,21.700,20.890,21.500,20.780,20.830,20.840,2726456,57630339.000,3000,20.830,2600,20.820,1700,20.810,12200,20.800,500,20.790,6000,20.840,900,20.890,4200,20.900,1800,20.910,1400,20.920,2018-04-16,15:00:00,00
603017,中衡设计,13.180,13.240,13.090,13.290,13.010,13.090,13.100,410360,5372837.000,2000,13.090,200,13.070,8500,13.050,20000,13.040,21100,13.030,2300,13.100,1700,13.110,1000,13.120,2500,13.130,1000,13.180,2018-04-16,15:00:00,00
603018,中设集团,27.330,27.540,27.070,27.520,26.920,27.040,27.050,854982,23249789.000,700,27.040,500,27.010,2300,27.000,2163,26.980,3400,26.960,2600,27.050,600,27.070,1600,27.080,1500,27.090,900,27.100,2018-04-16,15:00:00,00
603019,中科曙光,49.430,49.980,53.770,53.800,49.320,53.780,53.790,42424655,2205700638.000,4500,53.780,900,53.770,2899,53.760,15100,53.750,2300,53.740,700,53.790,23500,53.800,8300,53.810,3100,53.820,5700,53.830,2018-04-16,15:00:00,00
603020,爱普股份,11.000,11.150,10.660,11.000,10.610,10.640,10.650,2604900,28064587.000,1800,10.640,7800,10.630,5600,10.620,13300,10.610,16200,10.600,600,10.650,1500,10.660,2000,10.670,1100,10.680,1600,10.690,2018-04-16,15:00:00,00
﻿603021,山东华鹏,8.710,8.730,8.740,8.820,8.660,8.730,8.740,2747404,24002262.000,16000,8.730,10000,8.720,12000,8.710,1000,8.700,1300,8.690,2800,8.740,6660,8.750,13100,8.760,16900,8.770,26800,8.780,2018-04-16,15:00:00,00
603022,新通联,10.880,10.920,10.790,10.880,10.630,10.790,10.800,1078050,11603953.000,7000,10.790,1500,10.780,4600,10.770,1000,10.750,900,10.730,61000,10.800,700,10.820,11500,10.830,12200,10.840,11700,10.850,2018-04-16,15:00:00,00
603023,威帝股份,7.510,7.540,7.440,7.620,7.380,7.440,7.450,1108223,8314686.000,1500,7.440,9770,7.430,4000,7.420,8200,7.410,57400,7.400,2621,7.450,24700,7.460,4300,7.490,30500,7.500,5000,7.510,2018-04-16,15:00:00,00
603025,大豪科技,31.400,31.190,29.730,31.400,29.400,29.730,29.740,2388252,72213020.000,200,29.730,1200,29.720,100,29.710,7300,29.700,1800,29.690,700,29.740,1300,29.750,1800,29.780,1100,29.800,1300,29.810,2018-04-16,15:00:00,00
603026,石大胜华,20.790,20.810,19.940,20.840,19.720,19.910,19.920,4065607,82143879.000,900,19.910,19400,19.900,3200,19.890,3700,19.880,1800,19.870,200,19.920,2800,19.950,1500,19.980,10300,19.990,3700,20.000,2018-04-16,15:00:00,00
603027,千禾味业,19.950,19.880,19.920,20.280,19.620,19.910,19.950,3526185,70419718.000,400,19.910,9000,19.900,5000,19.880,1000,19.850,200,19.800,10800,19.950,500,19.980,19800,19.990,216400,20.000,5200,20.050,2018-04-16,15:00:00,00
603028,赛福天,9.800,9.720,9.520,9.800,9.450,9.480,9.540,1705293,16364033.000,8400,9.480,8200,9.470,4400,9.460,18400,9.450,800,9.440,21000,9.540,4427,9.550,7000,9.560,8200,9.570,14400,9.580,2018-04-16,15:00:00,00
603029,天鹅股份,20.200,20.270,19.590,20.200,19.510,19.580,19.590,1364593,26831630.000,300,19.580,1300,19.570,9109,19.560,12600,19.550,5300,19.540,100,19.590,1200,19.600,3900,19.610,3600,19.620,800,19.630,2018-04-16,15:00:00,00
603030,全筑股份,8.000,8.050,7.990,8.080,7.980,7.980,7.990,1595259,12786567.000,34500,7.980,5800,7.960,5000,7.950,10000,7.930,1000,7.920,18000,7.990,1682,8.010,6800,8.020,14300,8.030,10000,8.040,2018-04-16,15:00:00,00
﻿603031,安德利,23.700,23.840,23.160,23.900,22.960,23.070,23.180,1146042,26816883.000,2000,23.070,800,23.060,300,23.050,100,23.030,500,23.020,3000,23.180,2700,23.190,8300,23.200,5900,23.220,400,23.230,2018-04-16,15:00:00,00
603032,德新交运,32.960,33.050,29.750,32.960,29.750,0.000,29.750,3260800,100123640.000,0,0.000,0,0.000,0,0.000,0,0.000,0,0.000,2984600,29.750,1000,29.760,800,29.770,100,29.780,1200,29.800,2018-04-16,15:00:00,00
603033,三维股份,0.000,18.850,18.850,0.000,0.000,0.000,0.000,0,0.000,0,0.000,0,0.000,0,0.000,0,0.000,0,0.000,0,0.000,0,0.000,0,0.000,0,0.000,0,0.000,2018-04-16,15:00:00,03
603035,常熟汽饰,14.800,14.960,14.880,15.180,14.700,14.850,14.890,2006900,29926517.000,10100,14.850,1200,14.830,5100,14.820,6900,14.810,6500,14.800,5800,14.890,100,14.900,700,14.910,4700,14.930,11100,14.940,2018-04-16,15:00:00,00
603036,如通股份,15.560,15.720,15.230,15.600,15.050,15.230,15.250,2861573,43833622.000,2100,15.230,4000,15.220,1400,15.200,4800,15.190,10200,15.180,1400,15.250,5800,15.260,6500,15.270,2500,15.280,4000,15.290,2018-04-16,15:00:00,00
603037,凯众股份,25.500,25.640,24.990,25.800,24.900,25.000,25.050,682120,17206790.000,300,25.000,1100,24.980,2400,24.970,2690,24.950,11800,24.940,500,25.050,1400,25.060,500,25.110,300,25.200,100,25.240,2018-04-16,15:00:00,00
603038,华立股份,39.380,39.590,39.140,40.400,39.000,39.110,39.190,375659,14925825.000,1500,39.110,2800,39.100,200,39.090,100,39.040,300,39.030,2700,39.190,200,39.310,500,39.320,200,39.390,100,39.400,2018-04-16,15:00:00,00
603039,泛微网络,101.720,102.770,111.640,112.500,101.010,111.110,111.500,862044,93588981.000,300,111.110,200,111.020,900,111.010,10236,110.600,100,110.580,300,111.500,400,111.610,1200,111.650,1900,111.660,200,111.680,2018-04-16,15:00:00,00
603040,新坐标,68.370,68.920,69.300,70.190,68.250,69.270,69.320,434774,30115402.000,1100,69.270,500,69.190,1300,69.180,100,69.090,100,69.010,700,69.320,800,69.360,600,69.370,500,69.390,200,69.400,2018-04-16,15:00:00,00
﻿603041,美思德,20.660,21.020,20.250,20.970,20.100,20.240,20.250,976754,19929750.000,1000,20.240,1800,20.230,500,20.210,1000,20.200,400,20.170,1200,20.250,4100,20.270,3000,20.280,2300,20.290,3300,20.330,2018-04-16,15:00:00,00
603042,华脉科技,27.960,27.720,28.360,28.740,27.460,28.320,28.370,4476188,125577932.000,3100,28.320,7600,28.310,2838,28.300,200,28.280,1000,28.270,2900,28.370,75000,28.380,7500,28.390,2100,28.400,5600,28.410,2018-04-16,15:00:00,00
603043,广州酒家,18.570,18.500,18.760,18.770,18.220,18.760,18.770,1721563,31805785.000,2300,18.760,7000,18.750,10500,18.740,1100,18.730,1000,18.710,209,18.770,7600,18.780,2900,18.790,1400,18.800,700,18.810,2018-04-16,15:00:00,00
603050,科林电气,18.610,19.030,18.080,18.770,17.900,18.060,18.090,3738090,68127843.000,7200,18.060,1300,18.050,1700,18.040,500,18.030,500,18.020,2220,18.090,4900,18.100,2100,18.120,1800,18.130,7300,18.140,2018-04-16,15:00:00,00
﻿603055,台华新材,15.600,15.580,14.990,15.780,14.700,14.990,15.020,5348309,81331073.000,2600,14.990,3400,14.980,1000,14.970,3700,14.960,6200,14.950,8200,15.020,2000,15.030,3800,15.040,14100,15.050,10000,15.060,2018-04-16,15:00:00,00
603056,德邦股份,25.750,26.980,26.080,27.740,25.750,26.130,26.140,21339097,568603557.000,2000,26.130,2200,26.120,1700,26.090,3000,26.080,15900,26.070,7100,26.140,3200,26.150,2100,26.160,3000,26.170,2500,26.180,2018-04-16,15:00:00,00
603058,永吉股份,18.790,18.780,18.770,18.950,17.030,18.790,18.800,6819400,123875985.000,5200,18.790,1500,18.780,11100,18.770,600,18.760,200,18.750,14200,18.800,1200,18.810,8600,18.820,1400,18.830,3000,18.850,2018-04-16,15:00:00,00
603059,倍加洁,55.600,55.420,54.850,56.500,53.220,55.200,55.250,3444176,189771971.000,9600,55.200,600,55.000,400,54.990,100,54.750,10100,54.740,1800,55.250,400,55.300,1000,55.400,1000,55.410,4500,55.500,2018-04-16,15:00:00,00
603060,国检集团,21.120,21.380,20.420,21.250,20.300,20.390,20.540,1738940,36057041.000,500,20.390,1800,20.380,3600,20.370,10360,20.360,4000,20.350,300,20.540,600,20.550,1000,20.580,1408,20.600,1500,20.620,2018-04-16,15:00:00,00
﻿603063,禾望电气,16.570,16.770,16.130,16.810,16.000,16.160,16.170,2260959,36758898.000,2200,16.160,1000,16.120,3300,16.110,3200,16.100,7200,16.080,18700,16.170,2600,16.180,2900,16.190,11100,16.200,1000,16.220,2018-04-16,15:00:00,00
603066,音飞储存,0.000,11.170,11.170,0.000,0.000,0.000,0.000,0,0.000,0,0.000,0,0.000,0,0.000,0,0.000,0,0.000,0,0.000,0,0.000,0,0.000,0,0.000,0,0.000,2018-04-16,15:00:00,03
603067,振华股份,15.750,15.680,15.760,16.120,15.600,15.760,15.780,9687617,153514046.000,1200,15.760,200,15.750,4600,15.740,12900,15.730,8500,15.720,15900,15.780,2918,15.790,27600,15.800,1300,15.810,24400,15.820,2018-04-16,15:00:00,00
603069,海汽集团,12.880,11.710,12.880,12.880,12.880,12.880,0.000,1378985,17761327.000,5406915,12.880,5300,12.870,8700,12.860,19200,12.850,94800,12.840,0,0.000,0,0.000,0,0.000,0,0.000,0,0.000,2018-04-16,15:00:00,00
﻿603076,乐惠国际,33.770,34.280,33.230,34.100,32.200,33.210,33.250,1055735,35251725.000,100,33.210,3700,33.200,100,33.140,1700,33.130,1900,33.110,400,33.250,1000,33.270,500,33.280,1600,33.290,9700,33.300,2018-04-16,15:00:00,00
603077,和邦生物,2.040,2.040,2.050,2.050,2.030,2.040,2.050,19596700,39963091.000,523660,2.040,4643920,2.030,2413700,2.020,1137200,2.010,2211300,2.000,6256460,2.050,2947000,2.060,2018485,2.070,1263040,2.080,3663900,2.090,2018-04-16,15:00:00,00
603078,江化微,64.000,64.060,63.390,64.850,62.890,63.350,63.380,798868,50837352.000,1500,63.350,600,63.330,1100,63.310,1000,63.300,4400,63.290,200,63.380,2000,63.400,6800,63.430,1500,63.440,1300,63.450,2018-04-16,15:00:00,00
603079,圣达生物,44.560,47.540,42.790,45.390,42.790,0.000,42.790,3167000,138568429.000,0,0.000,0,0.000,0,0.000,0,0.000,0,0.000,99900,42.790,1200,42.800,200,42.810,100,42.820,300,42.840,2018-04-16,15:00:00,00
603080,新疆火炬,41.480,46.090,41.480,43.710,41.480,0.000,41.480,11388736,478833113.000,0,0.000,0,0.000,0,0.000,0,0.000,0,0.000,1325042,41.480,6000,41.490,2200,41.500,5500,41.510,700,41.520,2018-04-16,15:00:00,00
﻿603081,大丰实业,22.460,22.390,21.140,22.460,20.230,21.200,21.210,4949800,105532872.000,3700,21.200,6400,21.150,100,21.130,1700,21.120,5100,21.100,5100,21.210,7200,21.230,2100,21.240,2500,21.250,2700,21.260,2018-04-16,15:00:00,00
603083,剑桥科技,47.660,48.110,48.590,48.660,46.150,48.630,48.640,3564992,169097576.000,100,48.630,800,48.600,2600,48.590,3900,48.580,100,48.570,400,48.640,1200,48.660,1000,48.670,3200,48.680,300,48.690,2018-04-16,15:00:00,00
603085,天成自控,27.620,28.100,27.790,28.280,27.220,27.780,27.800,294110,8199614.000,300,27.780,792,27.760,3900,27.750,1900,27.740,1000,27.720,12500,27.800,5000,27.850,6900,27.860,2600,27.880,1500,27.900,2018-04-16,15:00:00,00
603086,先达股份,34.000,34.280,33.100,34.000,33.000,33.010,33.240,898813,30061762.000,8600,33.010,600,33.000,300,32.980,400,32.950,200,32.930,500,33.240,500,33.250,600,33.280,600,33.290,400,33.300,2018-04-16,15:00:00,00
603088,宁波精达,24.630,24.740,24.530,24.740,24.350,24.450,24.540,630000,15433376.000,600,24.450,1100,24.440,3200,24.430,800,24.420,2600,24.410,1500,24.540,1800,24.550,900,24.560,2200,24.570,6600,24.600,2018-04-16,15:00:00,00
603089,正裕工业,23.400,23.280,22.690,23.400,22.210,22.700,22.730,1390876,31593430.000,1800,22.700,1000,22.610,700,22.600,2000,22.580,4100,22.520,1200,22.730,4200,22.750,500,22.760,9800,22.770,2500,22.780,2018-04-16,15:00:00,00
603090,宏盛股份,18.080,18.210,17.590,18.090,17.450,17.570,17.610,875576,15526985.000,1400,17.570,8500,17.560,1400,17.550,4900,17.530,6800,17.520,800,17.610,3900,17.620,1400,17.640,4000,17.660,1600,17.670,2018-04-16,15:00:00,00
﻿603096,新经典,78.650,78.030,78.600,80.790,76.200,78.780,78.980,886496,69581582.000,100,78.780,200,78.410,2500,78.400,600,78.360,400,78.310,2500,78.980,900,78.990,25231,79.000,800,79.100,600,79.300,2018-04-16,15:00:00,00
603098,森特股份,16.090,16.440,16.190,16.370,16.090,16.180,16.190,1005200,16261985.000,200,16.180,6400,16.170,93500,16.160,1900,16.150,1400,16.140,4100,16.190,8600,16.200,2000,16.210,3800,16.230,3700,16.240,2018-04-16,15:00:00,00
603099,长白山,11.220,11.230,11.300,11.320,11.160,11.270,11.300,809081,9106808.000,2000,11.270,400,11.260,2000,11.240,700,11.230,3600,11.220,2700,11.300,10300,11.310,5100,11.320,5700,11.330,7457,11.340,2018-04-16,15:00:00,00
603100,川仪股份,9.950,9.960,9.800,10.060,9.710,9.790,9.800,2114010,20893036.000,4100,9.790,2000,9.780,2100,9.770,1000,9.760,11990,9.750,8304,9.800,2600,9.810,5156,9.820,6300,9.830,5000,9.840,2018-04-16,15:00:00,00
﻿603101,汇嘉时代,13.170,13.180,13.100,13.250,12.990,13.110,13.150,1106781,14511435.000,300,13.110,2300,13.100,3300,13.080,4600,13.070,11400,13.060,1300,13.150,500,13.160,2100,13.170,800,13.180,3000,13.190,2018-04-16,15:00:00,00
603103,横店影视,32.470,32.870,32.530,32.800,32.120,32.600,32.630,2909084,94394075.000,1200,32.600,200,32.530,3600,32.510,500,32.470,2100,32.440,500,32.630,1300,32.650,600,32.660,400,32.670,400,32.700,2018-04-16,15:00:00,00
603106,恒银金融,27.410,29.060,26.710,28.180,26.320,26.740,26.780,22559114,613110944.000,200,26.740,300,26.730,3600,26.720,4000,26.710,4900,26.700,9600,26.780,500,26.800,100,26.810,1000,26.840,200,26.850,2018-04-16,15:00:00,00
603108,润达医疗,0.000,15.590,15.590,0.000,0.000,0.000,0.000,0,0.000,0,0.000,0,0.000,0,0.000,0,0.000,0,0.000,0,0.000,0,0.000,0,0.000,0,0.000,0,0.000,2018-04-16,15:00:00,03
603110,东方材料,25.100,25.520,24.650,25.300,24.220,24.640,24.650,2276590,56167279.000,800,24.640,2000,24.630,3900,24.620,1200,24.610,3100,24.600,2400,24.650,300,24.680,6200,24.700,3100,24.710,2700,24.720,2018-04-16,15:00:00,00
﻿603111,康尼机电,11.160,11.170,11.190,11.280,11.010,11.190,11.200,2871300,31925025.000,2900,11.190,500,11.100,7000,11.080,1850,11.070,5700,11.060,4900,11.200,2200,11.210,1800,11.220,1900,11.230,18600,11.240,2018-04-16,15:00:00,00
603113,金能科技,19.600,20.020,18.840,19.600,18.710,18.820,18.830,4469492,85261254.000,15500,18.820,1900,18.810,14400,18.800,2000,18.790,21500,18.780,5300,18.830,1900,18.850,100,18.860,1700,18.870,1200,18.880,2018-04-16,15:00:00,00
603116,红蜻蜓,14.230,14.360,14.110,14.390,14.090,14.110,14.140,1025600,14591075.000,12300,14.110,6700,14.100,9900,14.090,4200,14.080,2000,14.060,2600,14.140,3000,14.150,1000,14.160,8800,14.170,2000,14.210,2018-04-16,15:00:00,00
603117,万林股份,8.720,8.720,8.650,8.720,8.560,8.590,8.650,1710165,14755118.000,1500,8.590,100,8.580,16500,8.570,7900,8.560,18300,8.550,600,8.650,6500,8.660,1200,8.670,26400,8.680,18600,8.690,2018-04-16,15:00:00,00
603118,共进股份,7.490,7.490,7.350,7.490,7.210,7.330,7.340,6672650,48993581.000,17200,7.330,700,7.320,11000,7.310,71628,7.300,20000,7.290,4300,7.340,13200,7.350,33300,7.360,21300,7.370,22800,7.380,2018-04-16,15:00:00,00
﻿603123,翠微股份,6.930,6.940,6.780,6.940,6.780,6.780,6.790,2028853,13880878.000,3747,6.780,4000,6.770,6000,6.760,8100,6.750,6000,6.740,23354,6.790,152600,6.800,246200,6.820,1000,6.840,10383,6.860,2018-04-16,15:00:00,00
603126,中材节能,9.000,9.080,8.750,9.060,8.690,8.740,8.750,7178667,63406873.000,19700,8.740,82900,8.730,27700,8.720,159100,8.710,50900,8.700,300,8.750,23600,8.760,25500,8.770,11000,8.780,37300,8.790,2018-04-16,15:00:00,00
603127,昭衍新药,75.210,75.330,77.780,78.110,74.240,77.700,77.990,1424085,109259448.000,100,77.700,1500,77.680,300,77.670,200,77.660,200,77.630,100,77.990,11400,78.000,400,78.030,1600,78.040,200,78.050,2018-04-16,15:00:00,00
603128,华贸物流,7.800,7.840,7.800,7.970,7.630,7.790,7.800,10749901,83779776.000,36700,7.790,29500,7.780,19214,7.770,55300,7.760,74800,7.750,1500,7.800,12900,7.810,19300,7.820,27200,7.830,41800,7.840,2018-04-16,15:00:00,00
603129,春风动力,26.070,26.160,25.450,26.160,25.180,25.460,25.470,1233370,31607615.000,2000,25.460,500,25.450,2000,25.440,300,25.430,3900,25.420,500,25.470,1300,25.480,17300,25.490,300,25.500,1600,25.540,2018-04-16,15:00:00,00
﻿603131,上海沪工,19.400,19.330,19.390,19.640,18.870,19.390,19.430,1110000,21233730.000,800,19.390,19100,19.380,29100,19.100,1600,19.090,2300,19.080,200,19.430,2700,19.450,300,19.470,100,19.500,4200,19.510,2018-04-16,15:00:00,00
603133,碳元科技,27.670,27.790,26.700,27.880,26.280,26.690,26.700,1818000,49136488.000,700,26.690,14300,26.680,2700,26.670,7200,26.660,4700,26.650,8700,26.700,1200,26.720,1600,26.730,2200,26.740,3300,26.750,2018-04-16,15:00:00,00
603136,天目湖,39.600,40.280,39.310,40.280,38.910,39.290,39.300,1020800,40245939.000,1800,39.290,1000,39.280,500,39.250,5000,39.230,700,39.220,1000,39.300,2500,39.310,42500,39.330,500,39.340,400,39.350,2018-04-16,15:00:00,00
603138,海量数据,46.510,47.370,47.370,48.420,46.450,47.360,47.380,4732746,224098183.000,1400,47.360,500,47.350,2100,47.330,1500,47.320,300,47.310,1200,47.380,17500,47.400,4400,47.440,13260,47.450,3200,47.460,2018-04-16,15:00:00,00
603139,康惠制药,26.290,26.360,25.720,26.290,25.280,25.700,25.730,2212649,56891560.000,5300,25.700,12500,25.690,4300,25.620,3400,25.610,8990,25.600,3500,25.730,2200,25.740,5300,25.750,1000,25.760,2800,25.770,2018-04-16,15:00:00,00
﻿﻿603156,养元饮品,88.600,80.600,86.780,88.650,86.000,86.760,86.770,6961263,608585614.000,300,86.760,600,86.750,100,86.730,1100,86.710,200,86.700,2600,86.770,22300,86.780,2300,86.790,6000,86.800,300,86.810,2018-04-16,15:00:00,00
603157,拉夏贝尔,17.510,17.830,17.240,17.750,16.950,17.210,17.230,7415078,127765217.000,2600,17.210,5900,17.200,7500,17.190,3700,17.180,2500,17.170,100,17.230,2000,17.240,7400,17.250,5200,17.260,9900,17.270,2018-04-16,15:00:00,00
603158,腾龙股份,17.490,17.510,17.290,17.550,17.280,17.310,17.340,789545,13738931.000,500,17.310,2100,17.280,3000,17.260,3100,17.250,400,17.230,900,17.340,2000,17.360,4131,17.390,700,17.400,2700,17.420,2018-04-16,15:00:00,00
603159,上海亚虹,23.410,23.730,23.070,23.730,22.720,23.070,23.080,1117800,25844990.000,200,23.070,600,23.050,3400,23.010,1700,23.000,1600,22.980,2000,23.080,1100,23.120,500,23.130,5688,23.140,14700,23.150,2018-04-16,15:00:00,00
603160,汇顶科技,90.000,90.350,90.060,91.210,89.000,89.880,90.050,1001836,90067889.000,300,89.880,100,89.850,800,89.800,400,89.790,400,89.780,100,90.050,200,90.080,700,90.090,1400,90.120,600,90.130,2018-04-16,15:00:00,00
﻿603161,科华控股,27.400,27.750,26.630,27.680,26.360,26.630,26.640,3791855,102527681.000,10800,26.630,4800,26.620,2000,26.610,3600,26.600,2100,26.590,1700,26.640,5900,26.650,12000,26.660,12800,26.670,15900,26.680,2018-04-16,15:00:00,00
603165,荣晟环保,48.940,48.630,48.620,48.940,47.620,48.290,48.340,1007691,48752113.000,300,48.290,500,48.280,1900,48.240,100,48.230,100,48.200,200,48.340,400,48.620,500,48.870,5200,48.880,9500,48.890,2018-04-16,15:00:00,00
603166,福达股份,7.680,7.800,7.790,7.850,7.680,7.790,7.800,1494020,11628014.000,300,7.790,16700,7.780,12100,7.770,5600,7.760,1500,7.750,49900,7.800,17700,7.810,17500,7.820,27200,7.830,22200,7.840,2018-04-16,15:00:00,00
603167,渤海轮渡,10.590,10.310,10.830,11.340,10.510,10.820,10.830,30041798,329792276.000,4800,10.820,14300,10.810,15000,10.800,14400,10.790,16500,10.780,13000,10.830,25500,10.840,16800,10.850,18600,10.860,39300,10.870,2018-04-16,15:00:00,00
603168,莎普爱思,14.660,14.660,14.820,14.970,14.430,14.810,14.820,3503631,51696460.000,6283,14.810,3600,14.800,1600,14.790,12000,14.780,4700,14.770,800,14.820,3500,14.830,6800,14.840,11550,14.850,2100,14.860,2018-04-16,15:00:00,00
603169,兰石重装,7.330,7.330,7.190,7.330,7.100,7.180,7.190,3240055,23353957.000,31800,7.180,12000,7.170,9000,7.160,28900,7.150,5800,7.140,2000,7.190,4500,7.200,9900,7.220,2300,7.230,5800,7.240,2018-04-16,15:00:00,00
﻿603177,德创环保,16.840,16.860,16.570,16.850,16.480,16.550,16.580,1830400,30440065.000,8300,16.550,300,16.540,2500,16.530,1000,16.520,1200,16.510,12500,16.580,2600,16.590,2500,16.600,3500,16.610,4100,16.620,2018-04-16,15:00:00,00
603178,圣龙股份,13.560,13.620,13.250,13.560,13.150,13.250,13.280,1488196,19868822.000,4900,13.250,3500,13.240,9200,13.230,500,13.220,3300,13.210,6800,13.280,5700,13.290,2000,13.300,3000,13.310,8300,13.320,2018-04-16,15:00:00,00
603179,新泉股份,40.900,40.870,41.200,41.350,40.200,41.190,41.210,1521616,62261762.000,200,41.190,16400,41.180,300,41.170,100,41.160,1100,41.100,4800,41.210,2500,41.220,100,41.240,2800,41.250,1100,41.260,2018-04-16,15:00:00,00
603180,金牌厨柜,165.010,162.990,164.230,165.010,162.010,164.020,164.110,527400,86187170.000,200,164.020,100,164.010,100,164.000,100,163.610,400,163.600,200,164.110,600,164.640,300,164.790,5500,164.800,600,164.880,2018-04-16,15:00:00,00
﻿603181,皇马科技,23.750,24.180,23.450,24.010,23.100,23.460,23.480,4240386,99760137.000,900,23.460,100,23.440,3600,23.430,8100,23.420,6400,23.410,2000,23.480,8000,23.490,5400,23.500,100,23.510,600,23.520,2018-04-16,15:00:00,00
603183,建研院,38.250,38.780,38.120,39.110,37.820,38.100,38.110,1401744,53861589.000,7400,38.100,1500,38.090,1600,38.080,900,38.070,2200,38.060,8500,38.110,800,38.120,400,38.130,800,38.140,3100,38.150,2018-04-16,15:00:00,00
603186,华正新材,23.400,23.940,22.830,23.400,22.460,22.770,22.800,1759962,40342097.000,1100,22.770,1300,22.730,3300,22.700,2800,22.690,1300,22.680,3700,22.800,1000,22.820,100,22.830,1900,22.840,5300,22.850,2018-04-16,15:00:00,00
603188,亚邦股份,13.170,13.150,13.010,13.250,12.970,13.010,13.020,3412646,44620075.000,8200,13.010,131700,13.000,6900,12.990,10600,12.980,8800,12.970,5000,13.020,4900,13.030,12400,13.040,13000,13.050,2300,13.060,2018-04-16,15:00:00,00
603189,网达软件,16.910,17.120,17.400,17.560,16.700,17.370,17.420,5563400,95479905.000,1000,17.370,300,17.350,4000,17.340,1700,17.330,3300,17.320,200,17.420,4500,17.430,6083,17.440,9100,17.450,2800,17.460,2018-04-16,15:00:00,00
﻿603196,日播时尚,10.800,10.860,10.620,10.850,10.560,10.610,10.640,2323482,24849853.000,800,10.610,14100,10.600,9718,10.590,24200,10.580,7400,10.570,900,10.640,1000,10.670,1300,10.680,5000,10.690,12100,10.700,2018-04-16,15:00:00,00
603197,保隆科技,47.240,48.090,46.350,48.010,45.800,46.300,46.370,1317069,61447185.000,2100,46.300,1600,46.250,1700,46.240,800,46.230,100,46.200,600,46.370,100,46.380,1200,46.390,200,46.400,1400,46.460,2018-04-16,15:00:00,00
603198,迎驾贡酒,14.900,14.930,14.960,15.130,14.870,14.960,14.970,1745619,26064220.000,1400,14.960,3100,14.950,500,14.940,5300,14.930,8200,14.920,3800,14.970,18300,14.980,400,14.990,5600,15.000,1400,15.010,2018-04-16,15:00:00,00
603199,九华旅游,26.460,26.720,26.200,26.680,25.890,26.280,26.290,681832,17920824.000,200,26.280,400,26.100,257,26.090,200,26.060,1000,26.030,6900,26.290,1800,26.300,200,26.340,1900,26.350,200,26.360,2018-04-16,15:00:00,00
603200,上海洗霸,39.950,39.850,39.500,40.380,39.200,39.540,39.570,720722,28685820.000,400,39.540,300,39.470,3000,39.460,100,39.450,2500,39.400,400,39.570,1000,39.580,4400,39.600,100,39.640,6000,39.650,2018-04-16,15:00:00,00
﻿603203,快克股份,39.440,39.300,39.020,39.800,38.700,39.020,39.080,350920,13685028.000,700,39.020,1600,38.900,1000,38.850,600,38.840,400,38.830,200,39.080,1000,39.090,4800,39.100,2000,39.110,10500,39.120,2018-04-16,15:00:00,00
603208,江山欧派,38.860,38.860,38.260,38.860,37.820,38.020,38.280,345002,13185082.000,300,38.020,500,38.010,500,38.000,700,37.990,1400,37.980,900,38.280,7700,38.290,200,38.300,300,38.310,100,38.330,2018-04-16,15:00:00,00
﻿603214,爱婴室,61.590,61.590,66.000,67.100,61.000,65.990,66.000,18692619,1206344011.000,2700,65.990,100,65.980,58,65.970,1300,65.960,4800,65.950,900,66.000,100,66.010,4063,66.020,2000,66.030,2900,66.050,2018-04-16,15:00:00,00
603218,日月股份,19.850,20.030,19.150,20.000,18.760,19.100,19.120,2087114,40269359.000,7600,19.100,1000,19.090,800,19.070,1000,19.060,8500,19.020,1400,19.120,100,19.130,300,19.150,1500,19.170,5200,19.180,2018-04-16,15:00:00,00
﻿603222,济民制药,0.000,12.150,12.150,0.000,0.000,0.000,0.000,0,0.000,0,0.000,0,0.000,0,0.000,0,0.000,0,0.000,0,0.000,0,0.000,0,0.000,0,0.000,0,0.000,2018-04-16,15:00:00,03
603223,恒通股份,18.780,18.780,18.580,18.810,18.500,18.560,18.570,685670,12759046.000,200,18.560,700,18.550,3700,18.540,1100,18.520,2456,18.510,4500,18.570,700,18.580,200,18.600,700,18.620,1000,18.650,2018-04-16,15:00:00,00
603225,新凤鸣,24.280,24.230,23.560,24.280,23.400,23.560,23.570,2899428,68908005.000,3319,23.560,5815,23.550,4100,23.540,1000,23.520,500,23.510,2840,23.570,1800,23.580,2920,23.590,5145,23.600,2400,23.620,2018-04-16,15:00:00,00
603226,菲林格尔,27.170,27.780,27.170,27.680,27.030,27.170,27.190,504203,13760713.000,1100,27.170,1000,27.120,300,27.100,2000,27.070,3100,27.050,100,27.190,1000,27.200,300,27.210,800,27.230,6900,27.240,2018-04-16,15:00:00,00
603227,雪峰科技,5.120,5.120,5.000,5.120,4.960,4.990,5.000,3028900,15258707.000,24700,4.990,33400,4.980,9500,4.970,54900,4.960,17200,4.950,11400,5.000,5700,5.010,10000,5.020,9200,5.030,5200,5.040,2018-04-16,15:00:00,00
603228,景旺电子,49.700,49.780,50.260,50.470,49.320,50.100,50.270,723809,36230281.000,600,50.100,1400,50.070,500,50.050,2000,50.040,3500,50.030,300,50.270,1600,50.280,3500,50.290,14100,50.300,900,50.310,2018-04-16,15:00:00,00
603229,奥翔药业,19.900,20.230,20.260,20.500,19.640,20.270,20.280,6251229,125638774.000,22900,20.270,31200,20.260,4800,20.250,15200,20.240,31000,20.230,1300,20.280,2800,20.290,4000,20.300,300,20.310,1200,20.330,2018-04-16,15:00:00,00
﻿603232,格尔软件,51.880,51.630,53.650,54.300,51.010,53.800,53.810,2101727,111654179.000,46700,53.800,7900,53.560,100,53.550,800,53.530,400,53.520,1000,53.810,800,53.820,200,53.840,200,53.890,900,53.900,2018-04-16,15:00:00,00
603233,大参林,60.420,59.370,60.940,62.300,58.800,60.900,60.970,1562762,95316919.000,900,60.900,500,60.890,1400,60.880,400,60.860,400,60.850,9300,60.970,2200,60.990,20496,61.000,200,61.080,2200,61.100,2018-04-16,15:00:00,00
603238,诺邦股份,21.590,21.640,21.020,21.730,20.800,21.000,21.010,845000,17881735.000,2000,21.000,500,20.990,2600,20.980,200,20.970,1800,20.960,100,21.010,4100,21.070,1800,21.080,1300,21.090,4900,21.100,2018-04-16,15:00:00,00
603239,浙江仙通,16.700,16.650,16.260,16.780,16.120,16.240,16.250,1306700,21345937.000,500,16.240,8300,16.230,1200,16.220,4300,16.210,17700,16.200,1600,16.250,100,16.290,3000,16.300,7872,16.350,2100,16.370,2018-04-16,15:00:00,00
﻿﻿603258,电魂网络,27.830,27.990,26.910,27.910,26.300,26.860,26.970,2020299,54768882.000,1300,26.860,1300,26.850,1100,26.840,26200,26.830,7000,26.820,4600,26.970,1300,26.980,10200,26.990,600,27.000,1300,27.010,2018-04-16,15:00:00,00
603259,药明康德,0.000,0.000,0.000,0.000,0.000,0.000,0.000,0,0.000,0,0.000,0,0.000,0,0.000,0,0.000,0,0.000,0,0.000,0,0.000,0,0.000,0,0.000,0,0.000,2018-04-16,11:45:01,-2
603260,合盛硅业,67.370,68.130,67.380,68.780,66.000,67.380,67.390,4677198,315857960.000,200,67.380,5600,67.330,900,67.320,1000,67.290,300,67.280,700,67.390,900,67.400,1000,67.410,200,67.420,1200,67.430,2018-04-16,15:00:00,00
﻿603266,天龙股份,28.010,28.160,28.030,28.040,27.240,28.000,28.020,975975,26985776.000,900,28.000,5200,27.980,2700,27.970,1000,27.900,1200,27.860,4000,28.020,12000,28.030,9600,28.040,124800,28.050,300,28.060,2018-04-16,15:00:00,00
603268,松发股份,27.000,27.170,27.180,27.200,26.550,27.170,27.180,268500,7227757.000,9200,27.170,20000,27.150,400,27.010,14700,27.000,2400,26.970,200,27.180,2800,27.190,19682,27.200,1000,27.250,500,27.260,2018-04-16,15:00:00,00
603269,海鸥股份,26.800,26.970,25.620,26.970,25.220,25.610,25.630,3309900,86059192.000,1600,25.610,8900,25.600,3300,25.590,3800,25.580,7400,25.570,500,25.630,9600,25.640,400,25.650,200,25.660,2700,25.670,2018-04-16,15:00:00,00
﻿603277,银都股份,15.640,15.840,15.030,15.750,15.010,15.010,15.020,4059590,61993921.000,74200,15.010,39600,15.000,500,14.990,10000,14.980,2500,14.970,7300,15.020,6200,15.030,900,15.050,4300,15.060,8200,15.070,2018-04-16,15:00:00,00
603278,大业股份,19.230,19.320,18.390,19.230,18.260,18.380,18.410,3954434,73859790.000,8500,18.380,9076,18.370,19200,18.360,5200,18.350,3300,18.340,1300,18.410,1000,18.420,2800,18.430,5200,18.450,2000,18.460,2018-04-16,15:00:00,00
﻿603283,赛腾股份,29.720,30.470,30.960,30.990,29.300,30.940,30.960,4651855,139515393.000,6500,30.940,2900,30.930,300,30.920,3100,30.910,10700,30.900,500,30.960,4500,30.970,16600,30.980,19700,30.990,31700,31.000,2018-04-16,15:00:00,00
603286,日盈电子,28.540,29.040,27.960,29.120,27.780,27.990,28.000,4113690,117158350.000,11500,27.990,5100,27.980,2600,27.970,4900,27.960,3800,27.950,6400,28.000,4200,28.020,3900,28.050,600,28.080,1700,28.090,2018-04-16,15:00:00,00
603288,海天味业,60.950,60.410,59.290,61.760,58.000,59.500,59.960,1514284,91156409.000,100,59.500,2200,59.000,2500,58.990,2000,58.060,1300,58.030,200,59.960,500,59.980,800,59.990,1600,60.180,100,60.190,2018-04-16,15:00:00,00
603289,泰瑞机器,17.790,18.410,17.440,18.100,17.250,17.420,17.450,10075138,177937247.000,1100,17.420,25000,17.410,58100,17.400,400,17.370,17700,17.360,700,17.450,3200,17.460,4100,17.470,3200,17.480,13200,17.490,2018-04-16,15:00:00,00
﻿603298,杭叉集团,14.950,14.960,15.090,15.170,14.830,15.090,15.100,1647474,24729078.000,1900,15.090,7600,15.080,8000,15.070,2400,15.050,1000,15.030,21200,15.100,1600,15.110,7700,15.120,5700,15.130,2400,15.140,2018-04-16,15:00:00,00
603299,井神股份,10.750,10.840,10.620,10.930,10.500,10.600,10.610,5110400,54663646.000,3600,10.600,1600,10.590,11700,10.580,7300,10.570,2300,10.560,22062,10.610,2500,10.620,3500,10.630,12400,10.640,6400,10.650,2018-04-16,15:00:00,00
603300,华铁科技,7.550,7.610,7.370,7.600,7.320,7.370,7.380,9220900,68537149.000,2700,7.370,14300,7.360,28900,7.350,46900,7.340,63200,7.330,22200,7.380,36000,7.390,49700,7.400,6200,7.410,13500,7.420,2018-04-16,15:00:00,00
﻿603301,振德医疗,34.530,31.390,34.530,34.530,34.530,34.530,0.000,16518,570367.000,2541982,34.530,26900,34.520,18900,34.510,7900,34.500,5800,34.490,0,0.000,0,0.000,0,0.000,0,0.000,0,0.000,2018-04-16,15:00:00,00
603302,鑫广绿环,0.000,0.000,0.000,0.000,0.000,0.000,0.000,0,0.000,0,0.000,0,0.000,0,0.000,0,0.000,0,0.000,0,0.000,0,0.000,0,0.000,0,0.000,0,0.000,2018-04-13,11:45:01,-2
603303,得邦照明,12.200,12.170,12.110,12.410,11.900,12.100,12.120,2845646,34544006.000,3200,12.100,4500,12.070,2800,12.060,3000,12.050,200,12.040,3400,12.120,15300,12.130,1800,12.140,11300,12.150,13200,12.160,2018-04-16,15:00:00,00
603305,旭升股份,34.350,35.650,34.490,35.350,33.980,34.200,34.370,3609401,124587474.000,500,34.200,5100,34.190,5600,34.180,200,34.160,2800,34.150,1400,34.370,5365,34.420,1000,34.440,1400,34.450,5000,34.460,2018-04-16,15:00:00,00
603306,华懋科技,0.000,24.660,24.660,0.000,0.000,0.000,0.000,0,0.000,0,0.000,0,0.000,0,0.000,0,0.000,0,0.000,0,0.000,0,0.000,0,0.000,0,0.000,0,0.000,2018-04-16,15:00:00,00
603308,应流股份,14.740,14.840,14.810,14.950,14.580,14.810,14.820,2076020,30669507.000,18600,14.810,9400,14.800,2400,14.790,10000,14.780,11600,14.760,500,14.820,2600,14.830,7500,14.840,9500,14.850,5000,14.860,2018-04-16,15:00:00,00
603309,维力医疗,0.000,17.850,17.850,0.000,0.000,0.000,0.000,0,0.000,0,0.000,0,0.000,0,0.000,0,0.000,0,0.000,0,0.000,0,0.000,0,0.000,0,0.000,0,0.000,2018-04-16,15:00:00,03
﻿603311,金海环境,13.870,13.940,13.490,13.930,13.460,13.500,13.510,920800,12559060.000,14800,13.500,4100,13.470,18700,13.460,1700,13.450,1100,13.440,3400,13.510,10500,13.520,2200,13.530,10300,13.540,6800,13.570,2018-04-16,15:00:00,00
603313,梦百合,23.160,23.190,23.350,23.400,22.820,23.340,23.350,1150016,26606566.000,6600,23.340,900,23.330,6300,23.310,1400,23.300,2000,23.290,2100,23.350,1500,23.360,1400,23.370,2900,23.380,7000,23.390,2018-04-16,15:00:00,00
603315,福鞍股份,0.000,12.440,12.440,0.000,0.000,0.000,0.000,0,0.000,0,0.000,0,0.000,0,0.000,0,0.000,0,0.000,0,0.000,0,0.000,0,0.000,0,0.000,0,0.000,2018-04-16,15:00:00,03
603316,诚邦股份,12.970,13.060,12.870,13.180,12.720,12.890,12.900,1840048,23808085.000,1200,12.890,400,12.830,13200,12.820,900,12.810,21600,12.800,7800,12.900,3000,12.910,6000,12.920,2000,12.930,8500,12.940,2018-04-16,15:00:00,00
603318,派思股份,0.000,14.110,14.110,0.000,0.000,0.000,0.000,0,0.000,0,0.000,0,0.000,0,0.000,0,0.000,0,0.000,0,0.000,0,0.000,0,0.000,0,0.000,0,0.000,2018-04-16,15:00:00,03
603319,湘油泵,30.610,30.640,30.200,30.950,29.930,30.200,30.210,838600,25551799.000,2300,30.200,11800,30.190,1100,30.180,3100,30.160,1300,30.150,2500,30.210,2100,30.270,300,30.280,200,30.290,800,30.300,2018-04-16,15:00:00,00
603320,迪贝电气,24.280,24.600,23.690,24.500,23.120,23.680,23.700,1784316,42312354.000,1000,23.680,7300,23.670,19400,23.660,300,23.650,500,23.630,1400,23.700,1800,23.710,700,23.720,1100,23.740,2500,23.750,2018-04-16,15:00:00,00
﻿603321,梅轮电梯,11.710,11.890,11.270,11.850,11.160,11.260,11.300,4145454,47773476.000,500,11.260,5000,11.230,10200,11.220,7600,11.210,13200,11.200,19276,11.300,22000,11.310,40700,11.320,35614,11.330,22600,11.340,2018-04-16,15:00:00,00
603322,超讯通信,41.510,42.190,40.970,42.080,40.580,40.950,41.000,1087500,44834305.000,400,40.950,600,40.940,2200,40.930,500,40.920,500,40.910,5600,41.000,300,41.020,300,41.030,900,41.050,1200,41.060,2018-04-16,15:00:00,00
603323,吴江银行,7.680,7.700,7.550,7.710,7.540,7.550,7.560,6407856,48701813.000,1000,7.550,60449,7.540,72000,7.530,28200,7.520,24900,7.510,66993,7.560,23700,7.570,57030,7.580,3300,7.590,35830,7.600,2018-04-16,15:00:00,00
603326,我乐家居,20.480,20.530,20.620,20.750,20.290,20.650,20.660,1336855,27392593.000,1368,20.650,2500,20.630,4100,20.620,1600,20.610,10000,20.600,100,20.660,5000,20.670,4900,20.680,4900,20.690,14400,20.700,2018-04-16,15:00:00,00
603328,依顿电子,12.400,12.440,12.380,12.570,12.210,12.370,12.380,2115217,26164695.000,1800,12.370,1993,12.360,500,12.350,200,12.340,1600,12.330,10800,12.380,2000,12.390,13700,12.400,6800,12.420,7100,12.430,2018-04-16,15:00:00,00
603329,上海雅仕,37.040,35.820,37.180,39.400,35.330,37.170,37.180,14895082,566034619.000,2500,37.170,4800,37.160,10700,37.150,1300,37.140,1500,37.130,3700,37.180,1300,37.190,29300,37.200,15700,37.210,200,37.260,2018-04-16,15:00:00,00
603330,上海天洋,32.790,32.810,32.250,32.940,31.800,32.080,32.290,661694,21387925.000,100,32.080,2000,32.070,1500,32.060,200,32.050,2400,32.040,500,32.290,1100,32.300,600,32.340,1100,32.350,3100,32.360,2018-04-16,15:00:00,00
﻿603331,百达精工,18.770,18.810,18.520,19.000,18.290,18.510,18.570,1141558,21182820.000,3700,18.510,1300,18.460,5100,18.450,500,18.410,200,18.400,500,18.570,2700,18.580,1100,18.590,1800,18.600,3000,18.620,2018-04-16,15:00:00,00
603333,明星电缆,6.070,5.990,5.980,6.070,5.890,5.970,5.980,999768,5956418.000,12800,5.970,24700,5.960,2500,5.950,6300,5.940,8032,5.930,15100,5.980,30700,5.990,800,6.000,10900,6.010,13400,6.020,2018-04-16,15:00:00,00
603335,迪生力,11.540,12.140,11.340,11.850,11.180,11.350,11.360,18338066,209986410.000,300,11.350,500,11.340,22200,11.320,24600,11.310,31900,11.300,14300,11.360,28100,11.370,8600,11.380,14400,11.390,32400,11.400,2018-04-16,15:00:00,00
603336,宏辉果蔬,28.950,29.610,29.630,30.300,28.610,29.640,29.700,11708945,345027506.000,700,29.640,9700,29.630,14400,29.620,1300,29.610,8900,29.600,6200,29.700,500,29.710,1500,29.720,400,29.740,500,29.750,2018-04-16,15:00:00,00
603337,杰克股份,60.240,61.130,60.810,61.280,59.430,60.750,60.860,1002007,60437750.000,500,60.750,300,60.740,100,60.720,400,60.710,2255,60.700,200,60.860,800,60.870,1600,60.880,1600,60.890,2000,60.900,2018-04-16,15:00:00,00
603338,浙江鼎力,63.020,64.490,64.890,65.900,63.020,64.870,64.890,509205,33052758.000,200,64.870,1200,64.700,200,64.690,500,64.650,500,64.640,600,64.890,100,64.950,500,64.970,1900,64.990,65200,65.000,2018-04-16,15:00:00,00
603339,四方冷链,22.100,22.280,22.620,22.800,22.050,22.600,22.620,2848865,63980067.000,2000,22.600,4100,22.580,10300,22.570,100,22.560,6200,22.540,17500,22.620,48200,22.630,2300,22.680,700,22.700,2300,22.720,2018-04-16,15:00:00,00
﻿603345,安井食品,28.000,27.910,28.270,28.660,28.000,28.270,28.290,4916088,139748796.000,7100,28.270,1300,28.260,100,28.250,5400,28.220,9500,28.210,800,28.290,5600,28.300,1000,28.310,1017,28.330,1800,28.340,2018-04-16,15:00:00,00
603348,文灿股份,0.000,0.000,0.000,0.000,0.000,0.000,0.000,0,0.000,0,0.000,0,0.000,0,0.000,0,0.000,0,0.000,0,0.000,0,0.000,0,0.000,0,0.000,0,0.000,2018-04-13,11:45:01,-2
﻿603355,莱克电气,30.990,30.950,30.630,31.100,30.300,30.650,30.660,714834,21878130.000,200,30.650,400,30.530,2100,30.510,800,30.500,800,30.490,1400,30.660,4000,30.670,3700,30.680,8000,30.700,200,30.740,2018-04-16,15:00:00,00
603356,华菱精工,25.310,25.880,25.770,26.150,25.070,25.800,25.810,4702253,120362802.000,1000,25.800,1839,25.790,7000,25.780,600,25.770,2100,25.760,300,25.810,3900,25.850,700,25.860,2600,25.870,3500,25.880,2018-04-16,15:00:00,00
603357,设计总院,20.880,20.980,20.650,21.130,20.400,20.640,20.650,3698581,76764117.000,4200,20.640,1500,20.630,800,20.620,5000,20.590,100,20.580,1200,20.650,1000,20.660,400,20.670,4600,20.680,1100,20.690,2018-04-16,15:00:00,00
603358,华达科技,35.010,35.090,34.260,35.070,34.110,34.250,34.270,637100,22031706.000,900,34.250,15300,34.240,900,34.230,800,34.220,400,34.200,900,34.270,2900,34.280,500,34.370,1900,34.380,1000,34.390,2018-04-16,15:00:00,00
603359,东珠景观,35.880,34.830,34.980,37.370,34.820,34.930,34.940,5833480,210700165.000,26400,34.930,3500,34.910,2500,34.900,5500,34.890,2000,34.880,400,34.940,1700,34.990,1600,35.000,500,35.010,800,35.020,2018-04-16,15:00:00,00
603360,百傲化学,22.570,22.530,22.140,22.690,22.030,22.100,22.160,1161400,25867179.000,7700,22.100,2800,22.090,700,22.080,7500,22.070,2200,22.060,800,22.160,4800,22.170,9700,22.180,2900,22.190,6800,22.200,2018-04-16,15:00:00,00
﻿603363,傲农生物,19.200,19.400,19.080,19.340,18.810,19.080,19.090,5800863,110859634.000,2100,19.080,8600,19.070,8300,19.060,7100,19.050,100,19.040,14500,19.090,18100,19.100,3300,19.110,3500,19.120,600,19.130,2018-04-16,15:00:00,00
603365,水星家纺,25.620,25.730,25.980,26.300,25.400,25.980,25.990,2170013,56350984.000,1600,25.980,2600,25.930,5200,25.920,2000,25.910,20300,25.900,6500,25.990,9100,26.000,200,26.020,5000,26.050,800,26.060,2018-04-16,15:00:00,00
603366,日出东方,5.420,5.440,5.530,5.640,5.420,5.520,5.530,5038352,27954176.000,12500,5.520,21848,5.510,32700,5.500,27600,5.490,40700,5.480,18200,5.530,32100,5.540,57500,5.550,58200,5.560,10500,5.570,2018-04-16,15:00:00,00
603367,辰欣药业,28.900,28.490,28.630,29.190,27.860,28.650,28.660,12531977,356797037.000,4600,28.650,8400,28.640,14900,28.620,100,28.610,15800,28.600,5500,28.660,5200,28.670,2600,28.680,800,28.690,9400,28.700,2018-04-16,15:00:00,00
603368,柳州医药,52.800,53.080,52.840,53.930,52.760,52.820,52.850,1518365,80890833.000,2700,52.820,4900,52.810,11500,52.800,1300,52.790,6200,52.780,490,52.850,490,52.900,100,52.940,1300,53.080,300,53.100,2018-04-16,15:00:00,00
603369,今世缘,17.400,17.400,17.490,17.990,17.200,17.480,17.490,8263979,145159272.000,24063,17.480,300,17.470,1300,17.460,2500,17.430,5100,17.420,4000,17.490,27100,17.500,12800,17.510,16300,17.520,17500,17.530,2018-04-16,15:00:00,00
﻿603377,东方时尚,37.400,37.350,37.230,37.710,36.100,37.230,37.400,794672,29551924.000,400,37.230,1400,37.210,3300,37.190,1000,37.170,1000,37.150,1100,37.400,300,37.410,600,37.420,200,37.440,1600,37.480,2018-04-16,15:00:00,00
603378,亚士创能,19.940,20.260,19.230,20.010,18.890,19.220,19.230,3149757,61520203.000,2800,19.220,3300,19.200,4900,19.190,3000,19.180,100,19.170,1200,19.230,800,19.250,4100,19.260,5600,19.270,5700,19.280,2018-04-16,15:00:00,00
603380,易德龙,20.680,21.020,20.650,20.840,20.130,20.650,20.670,2752703,56540133.000,1200,20.650,2500,20.630,1000,20.620,1100,20.600,2500,20.580,200,20.670,6100,20.680,3000,20.690,1700,20.700,1700,20.720,2018-04-16,15:00:00,00
﻿603383,顶点软件,0.000,71.500,71.500,0.000,0.000,0.000,0.000,0,0.000,0,0.000,0,0.000,0,0.000,0,0.000,0,0.000,0,0.000,0,0.000,0,0.000,0,0.000,0,0.000,2018-04-16,15:00:00,03
603385,惠达卫浴,17.680,17.890,17.480,17.790,17.370,17.480,17.490,1769206,31045577.000,20300,17.480,6900,17.470,257,17.460,4600,17.450,4300,17.440,3400,17.490,9700,17.500,1000,17.510,1100,17.520,500,17.530,2018-04-16,15:00:00,00
603386,广东骏亚,17.300,17.350,17.680,17.820,17.300,17.670,17.680,5565243,97847007.000,400,17.670,51500,17.660,4400,17.650,2900,17.630,900,17.610,2000,17.680,13940,17.690,18700,17.700,8000,17.710,14000,17.720,2018-04-16,15:00:00,00
603387,基蛋生物,65.450,65.710,66.470,66.870,64.520,66.430,66.450,1931359,126843765.000,700,66.430,700,66.420,600,66.320,800,66.310,1100,66.300,200,66.450,100,66.470,5300,66.480,400,66.490,7100,66.500,2018-04-16,15:00:00,00
603388,元成股份,17.280,17.330,17.490,17.630,17.120,17.480,17.490,1197084,20831625.000,300,17.480,700,17.470,1500,17.460,17100,17.450,2400,17.440,1000,17.490,138300,17.500,1900,17.510,1300,17.520,4200,17.530,2018-04-16,15:00:00,00
603389,亚振家居,11.660,11.730,11.360,11.790,11.280,11.360,11.370,2230900,25622244.000,7000,11.360,19500,11.350,3500,11.340,2200,11.330,6700,11.320,2000,11.370,12000,11.380,3500,11.390,12500,11.400,500,11.430,2018-04-16,15:00:00,00
﻿603393,新天然气,0.000,32.390,32.390,0.000,0.000,0.000,0.000,0,0.000,0,0.000,0,0.000,0,0.000,0,0.000,0,0.000,0,0.000,0,0.000,0,0.000,0,0.000,0,0.000,2018-04-16,15:00:00,03
603396,金辰股份,37.880,38.240,38.490,38.980,37.880,38.500,38.520,940300,36088742.000,500,38.500,1000,38.490,200,38.470,3400,38.450,400,38.410,1900,38.520,1300,38.550,900,38.560,200,38.570,2600,38.590,2018-04-16,15:00:00,00
603398,邦宝益智,0.000,13.390,13.390,0.000,0.000,0.000,0.000,0,0.000,0,0.000,0,0.000,0,0.000,0,0.000,0,0.000,0,0.000,0,0.000,0,0.000,0,0.000,0,0.000,2018-04-16,15:00:00,03
603399,吉翔股份,17.810,17.730,17.220,17.850,16.770,17.220,17.230,8558060,147177408.000,900,17.220,8400,17.210,8900,17.200,440,17.180,6000,17.160,1000,17.230,500,17.240,19900,17.250,10000,17.260,4400,17.270,2018-04-16,15:00:00,00
﻿﻿603416,信捷电气,31.540,31.790,32.060,32.420,31.220,32.050,32.090,1043490,33294110.000,200,32.050,4100,32.020,300,32.010,2500,32.000,1200,31.830,900,32.090,5100,32.100,1400,32.130,900,32.140,6000,32.150,2018-04-16,15:00:00,00
﻿603421,鼎信通讯,21.860,22.070,21.670,21.980,21.510,21.690,21.700,1438293,31262091.000,1900,21.690,200,21.640,500,21.630,3300,21.620,1100,21.610,1100,21.700,100,21.710,100,21.720,800,21.740,1500,21.770,2018-04-16,15:00:00,00
603429,集友股份,37.160,37.550,36.690,37.540,36.030,36.710,36.730,1119506,40927401.000,11000,36.710,200,36.700,800,36.640,3800,36.630,6400,36.620,1100,36.730,1000,36.850,800,36.860,2200,36.870,5000,36.880,2018-04-16,15:00:00,00
﻿﻿603444,吉比特,154.000,155.500,155.800,158.280,153.010,155.640,155.880,551137,85681282.000,200,155.640,400,155.610,2000,155.600,300,155.580,300,155.510,100,155.880,100,155.890,100,155.900,400,155.960,400,155.980,2018-04-16,15:00:00,00
﻿603456,九洲药业,9.360,9.330,9.250,9.360,9.050,9.220,9.230,4712760,43287512.000,1300,9.220,10700,9.210,11300,9.200,20500,9.190,58840,9.180,2400,9.230,21760,9.250,29420,9.260,35280,9.270,29940,9.280,2018-04-16,15:00:00,00
603458,勘设股份,67.800,68.440,67.970,68.730,66.010,67.930,67.960,2386132,160574628.000,100,67.930,1000,67.920,1000,67.910,4000,67.900,500,67.880,1100,67.960,24193,68.010,300,68.110,100,68.200,1000,68.250,2018-04-16,15:00:00,00
﻿603466,风语筑,60.820,60.390,65.410,66.430,60.600,65.430,65.440,8121772,518975379.000,17900,65.430,7700,65.420,1000,65.410,3679,65.400,100,65.390,200,65.440,400,65.450,200,65.460,100,65.490,500,65.500,2018-04-16,15:00:00,00
﻿603477,振静股份,14.510,14.360,14.070,14.640,13.810,14.070,14.080,6222933,88083121.000,22000,14.070,11400,14.060,11200,14.050,5200,14.040,1600,14.030,9900,14.080,29200,14.090,21100,14.100,1100,14.110,3800,14.120,2018-04-16,15:00:00,00
﻿603488,展鹏科技,18.300,18.430,17.950,18.300,17.500,17.870,17.880,2357243,41974943.000,2831,17.870,500,17.860,61500,17.850,8800,17.840,2100,17.770,8900,17.880,2200,17.910,5000,17.940,2000,17.950,2000,17.960,2018-04-16,15:00:00,00
﻿603496,恒为科技,36.580,36.690,37.840,38.000,36.150,37.850,37.880,1769418,65775945.000,10900,37.850,400,37.830,1000,37.820,12400,37.810,8900,37.800,100,37.880,7400,37.900,900,37.930,12100,37.950,3500,37.960,2018-04-16,15:00:00,00
603499,翔港科技,28.960,29.150,30.270,30.300,28.400,30.260,30.270,3959869,116642251.000,17600,30.260,5400,30.250,600,30.240,2600,30.230,1600,30.220,1500,30.270,14300,30.280,5600,30.290,8500,30.300,1200,30.310,2018-04-16,15:00:00,00
603500,祥和实业,23.570,23.550,22.910,23.790,22.400,22.880,22.930,1608037,37314585.000,10000,22.880,2600,22.860,1100,22.850,3500,22.840,1700,22.830,5100,22.930,500,22.950,600,22.960,1700,22.970,2600,22.980,2018-04-16,15:00:00,00
﻿603501,韦尔股份,39.000,39.600,39.110,39.760,38.450,39.120,39.130,2528500,98637771.000,100,39.120,2600,39.110,400,39.100,1100,39.080,1200,39.070,2700,39.130,3600,39.140,4600,39.150,600,39.160,3000,39.180,2018-04-16,15:00:00,00
603505,金石资源,21.820,22.000,21.150,22.010,20.910,21.150,21.160,4444995,95257054.000,8400,21.150,1800,21.140,3500,21.130,4200,21.120,7300,21.110,10300,21.160,8400,21.170,16800,21.180,700,21.190,10200,21.200,2018-04-16,15:00:00,00
603506,南都物业,38.600,40.000,39.090,39.350,37.200,39.050,39.180,5620602,215085471.000,500,39.050,800,39.040,11700,39.010,1300,39.000,1000,38.990,1800,39.180,3700,39.190,600,39.200,600,39.210,2100,39.220,2018-04-16,15:00:00,00
603507,振江股份,32.990,33.440,31.990,33.390,31.880,32.010,32.050,2030653,66181622.000,3300,32.010,300,31.990,2344,31.980,2000,31.970,1100,31.960,1600,32.050,2200,32.070,1000,32.110,3100,32.140,1800,32.150,2018-04-16,15:00:00,00
603508,思维列控,0.000,36.370,36.370,0.000,0.000,0.000,0.000,0,0.000,0,0.000,0,0.000,0,0.000,0,0.000,0,0.000,0,0.000,0,0.000,0,0.000,0,0.000,0,0.000,2018-04-16,15:00:00,03
﻿603515,欧普照明,48.790,49.140,50.890,51.150,48.790,50.820,50.900,2686933,135722530.000,1500,50.820,4400,50.810,6800,50.800,200,50.750,500,50.710,198277,50.900,100,50.920,100,50.950,900,50.960,400,50.970,2018-04-16,15:00:00,00
603516,淳中科技,57.950,57.200,56.220,58.500,54.500,56.260,56.280,5508450,310965468.000,500,56.260,1200,56.240,3900,56.230,100,56.220,3600,56.210,1473,56.280,1300,56.290,700,56.300,200,56.330,1000,56.350,2018-04-16,15:00:00,00
603517,绝味食品,39.010,38.980,38.960,40.500,38.880,38.930,39.080,3753333,147455842.000,499,38.930,2900,38.920,22518,38.910,5000,38.900,300,38.890,2500,39.080,2400,39.090,800,39.100,1100,39.170,1400,39.180,2018-04-16,15:00:00,00
603518,维格娜丝,21.610,21.940,21.510,21.940,21.210,21.480,21.490,929500,19994991.000,200,21.480,4000,21.410,10000,21.400,1800,21.390,1400,21.380,3600,21.490,1500,21.540,4000,21.560,1500,21.580,1400,21.590,2018-04-16,15:00:00,00
603519,立霸股份,20.060,20.100,19.520,20.060,19.500,19.500,19.510,318600,6275446.000,9600,19.500,300,19.410,2000,19.400,100,19.340,2500,19.320,5900,19.510,20200,19.540,10400,19.580,3600,19.600,5000,19.640,2018-04-16,15:00:00,00
603520,司太立,0.000,28.950,28.950,0.000,0.000,0.000,0.000,0,0.000,0,0.000,0,0.000,0,0.000,0,0.000,0,0.000,0,0.000,0,0.000,0,0.000,0,0.000,0,0.000,2018-04-16,15:00:00,03
﻿603527,众源新材,27.090,27.040,26.010,27.980,25.500,26.010,26.040,4562196,122777362.000,4500,26.010,3400,26.000,18015,25.980,200,25.960,1200,25.930,3700,26.040,18600,26.050,100,26.060,100,26.090,5000,26.120,2018-04-16,15:00:00,00
603528,多伦科技,9.700,9.610,9.600,9.880,9.340,9.600,9.610,9038851,86957685.000,18500,9.600,22800,9.590,45039,9.580,4600,9.570,1600,9.560,15500,9.610,12500,9.620,8600,9.630,5000,9.640,37500,9.650,2018-04-16,15:00:00,00
﻿603533,掌阅科技,47.600,48.380,46.790,48.380,46.000,46.880,46.890,5150470,242714929.000,100,46.880,200,46.850,52300,46.820,7000,46.800,4600,46.790,300,46.890,1800,46.900,1100,46.910,1100,46.920,1200,46.940,2018-04-16,15:00:00,00
603535,嘉诚国际,28.070,25.520,25.890,28.070,22.970,25.860,25.880,7905199,214452892.000,200,25.860,3200,25.850,500,25.840,2400,25.830,600,25.820,3024,25.880,4900,25.900,1300,25.930,1000,25.940,8300,25.950,2018-04-16,15:00:00,00
603536,惠发股份,19.300,19.420,19.060,19.400,18.860,19.090,19.100,590820,11291159.000,1300,19.090,300,18.970,100,18.960,1000,18.920,3900,18.900,800,19.100,200,19.120,300,19.130,2400,19.150,5000,19.160,2018-04-16,15:00:00,00
603538,美诺华,0.000,22.340,22.340,0.000,0.000,0.000,0.000,0,0.000,0,0.000,0,0.000,0,0.000,0,0.000,0,0.000,0,0.000,0,0.000,0,0.000,0,0.000,0,0.000,2018-04-16,15:00:00,03
﻿﻿603555,贵人鸟,24.560,24.760,24.780,24.820,24.450,24.700,24.800,1047141,25786934.000,1400,24.700,3900,24.690,4400,24.680,3000,24.670,100,24.660,2100,24.800,23700,24.810,109400,24.820,2400,24.830,115900,24.840,2018-04-16,15:00:00,00
603556,海兴电力,32.600,32.780,32.480,33.050,32.420,32.490,32.500,1738712,56809050.000,5900,32.490,9341,32.480,2200,32.450,800,32.430,2247,32.420,2400,32.500,1000,32.570,1800,32.600,1000,32.690,400,32.700,2018-04-16,15:00:00,00
603557,起步股份,18.550,18.590,17.850,18.590,17.650,17.850,17.860,3163015,56972495.000,2800,17.850,800,17.840,6100,17.830,4700,17.820,7400,17.810,3800,17.860,700,17.880,15000,17.900,2700,17.910,1000,17.920,2018-04-16,15:00:00,00
603558,健盛集团,10.260,10.370,10.060,10.350,10.050,10.060,10.070,917475,9299185.000,73700,10.060,276100,10.050,8000,10.040,4600,10.030,5300,10.020,3600,10.070,2300,10.100,8500,10.110,3400,10.120,3100,10.130,2018-04-16,15:00:00,00
603559,中通国脉,32.850,32.800,33.270,33.460,31.960,33.280,33.290,5549675,181992787.000,8700,33.280,4600,33.270,17100,33.260,4400,33.250,100,33.240,4900,33.290,22100,33.300,18600,33.310,15100,33.320,4000,33.330,2018-04-16,15:00:00,00
﻿603566,普莱柯,20.430,20.520,20.060,20.730,20.000,20.060,20.080,453127,9159273.000,400,20.060,2800,20.050,100,20.020,4900,20.010,3200,20.000,1200,20.080,9189,20.090,600,20.160,7400,20.170,2744,20.200,2018-04-16,15:00:00,00
603567,珍宝岛,14.000,14.120,13.990,14.190,13.830,13.970,14.000,1236776,17301558.000,1300,13.970,500,13.960,300,13.950,2600,13.920,4000,13.910,16800,14.000,14700,14.020,15100,14.030,3400,14.050,1900,14.060,2018-04-16,15:00:00,00
603568,伟明环保,21.880,21.800,22.280,22.370,21.790,22.270,22.280,3069155,68138045.000,3800,22.270,500,22.260,2600,22.250,5278,22.240,1200,22.230,2840,22.280,11000,22.290,33622,22.300,21500,22.310,15475,22.320,2018-04-16,15:00:00,00
603569,长久物流,22.620,22.880,22.110,22.870,21.500,22.120,22.130,1086944,24175876.000,2260,22.120,500,22.100,300,22.090,5000,22.080,300,22.060,800,22.130,500,22.140,4000,22.150,200,22.160,100,22.180,2018-04-16,15:00:00,00
﻿603577,汇金通,12.930,13.030,12.350,12.980,12.350,12.350,12.360,3104309,39195535.000,6300,12.350,1500,12.340,300,12.330,800,12.320,35800,12.310,300,12.360,900,12.370,5800,12.380,8850,12.390,1200,12.400,2018-04-16,15:00:00,00
603578,三星新材,30.870,30.680,29.630,30.880,29.510,29.620,29.640,1283500,38659647.000,500,29.620,2400,29.610,1200,29.600,400,29.590,1600,29.580,500,29.640,500,29.660,5000,29.670,5000,29.680,200,29.690,2018-04-16,15:00:00,00
603579,荣泰健康,68.010,68.920,68.460,69.730,67.580,68.370,68.480,496600,34057604.000,100,68.370,1500,68.350,200,68.320,19500,68.300,500,68.250,100,68.480,400,68.600,1600,68.620,300,68.630,600,68.640,2018-04-16,15:00:00,00
603580,艾艾精工,30.170,30.170,29.910,30.780,29.510,30.000,30.020,1384200,42045342.000,3300,30.000,5200,29.870,800,29.820,1400,29.810,100,29.800,300,30.020,1100,30.130,1000,30.140,1000,30.150,3000,30.160,2018-04-16,15:00:00,00
﻿603585,苏利股份,30.170,30.020,29.170,30.170,29.020,29.220,29.230,592466,17454471.000,3000,29.220,2400,29.120,2800,29.110,1000,29.080,1800,29.060,600,29.230,700,29.260,800,29.270,1250,29.280,1000,29.290,2018-04-16,15:00:00,00
603586,金麒麟,21.980,22.500,21.330,21.980,21.020,21.300,21.310,2448694,52549791.000,3700,21.300,700,21.290,500,21.260,1600,21.250,300,21.220,2500,21.310,2800,21.320,100,21.330,3000,21.350,800,21.360,2018-04-16,15:00:00,00
603587,地素时尚,0.000,0.000,0.000,0.000,0.000,0.000,0.000,0,0.000,0,0.000,0,0.000,0,0.000,0,0.000,0,0.000,0,0.000,0,0.000,0,0.000,0,0.000,0,0.000,2018-04-13,11:45:01,-2
603588,高能环境,11.340,11.340,11.290,11.510,11.250,11.280,11.310,2723081,30990311.000,7415,11.280,7200,11.270,13800,11.260,29900,11.250,4600,11.240,16400,11.310,2100,11.320,1400,11.330,17200,11.340,7500,11.350,2018-04-16,15:00:00,00
603589,口子窖,45.700,45.010,45.390,45.900,44.260,45.380,45.400,2223226,100800709.000,300,45.380,100,45.370,500,45.360,1100,45.350,1000,45.300,29334,45.400,1900,45.420,10000,45.430,1500,45.440,2500,45.450,2018-04-16,15:00:00,00
﻿603595,东尼电子,114.000,114.350,118.970,119.000,114.000,118.830,118.900,848787,99513823.000,100,118.830,200,118.800,500,118.660,200,118.600,100,118.510,300,118.900,900,118.980,1800,119.000,1400,119.100,200,119.430,2018-04-16,15:00:00,00
603596,伯特利,0.000,0.000,0.000,0.000,0.000,0.000,0.000,0,0.000,0,0.000,0,0.000,0,0.000,0,0.000,0,0.000,0,0.000,0,0.000,0,0.000,0,0.000,0,0.000,2018-04-13,11:45:01,-2
603598,引力传媒,13.300,13.440,13.530,13.680,13.300,13.530,13.540,1966300,26666778.000,1600,13.530,200,13.520,4400,13.500,4100,13.480,18800,13.470,2500,13.540,2300,13.550,4300,13.560,6600,13.570,3800,13.580,2018-04-16,15:00:00,00
603599,广信股份,15.630,16.070,15.250,15.630,14.940,15.210,15.280,6037767,92065198.000,800,15.210,500,15.200,1500,15.190,10400,15.180,3700,15.170,2800,15.280,6933,15.300,2000,15.310,2100,15.320,9300,15.330,2018-04-16,15:00:00,00
603600,永艺股份,11.100,11.200,10.760,11.150,10.690,10.770,10.780,2444628,26579652.000,1500,10.770,100200,10.740,1000,10.730,1000,10.720,1900,10.710,13000,10.780,4300,10.790,6600,10.800,2000,10.820,2400,10.830,2018-04-16,15:00:00,00
﻿603601,再升科技,14.610,14.560,14.780,15.000,14.510,14.770,14.780,4498485,66587275.000,1400,14.770,12780,14.760,170900,14.750,7000,14.740,1500,14.730,5940,14.780,7300,14.790,24500,14.800,5600,14.810,5000,14.820,2018-04-16,15:00:00,00
603602,纵横通信,0.000,49.920,49.920,0.000,0.000,0.000,0.000,0,0.000,0,0.000,0,0.000,0,0.000,0,0.000,0,0.000,0,0.000,0,0.000,0,0.000,0,0.000,0,0.000,2018-04-16,15:00:00,03
603603,博天环境,0.000,26.210,26.210,0.000,0.000,0.000,0.000,0,0.000,0,0.000,0,0.000,0,0.000,0,0.000,0,0.000,0,0.000,0,0.000,0,0.000,0,0.000,0,0.000,2018-04-16,15:00:00,03
603605,珀莱雅,33.810,33.950,34.880,35.170,33.810,34.880,34.890,2649836,91890331.000,2500,34.880,2400,34.870,800,34.860,1200,34.850,2300,34.800,2600,34.890,2500,34.900,2500,34.910,2500,34.920,3000,34.930,2018-04-16,15:00:00,00
603606,东方电缆,10.040,10.040,10.000,10.070,9.960,10.000,10.010,489667,4905371.000,7100,10.000,9233,9.990,31000,9.980,34700,9.970,10500,9.960,6400,10.010,5400,10.020,3820,10.030,3800,10.040,3800,10.050,2018-04-16,15:00:00,00
603607,京华激光,39.600,41.110,39.010,40.300,38.410,38.830,38.860,4793365,189115209.000,5000,38.830,200,38.820,700,38.790,400,38.780,200,38.750,1300,38.860,2400,38.900,400,38.970,500,38.990,1700,39.000,2018-04-16,15:00:00,00
603608,天创时尚,10.530,10.540,10.520,10.600,10.410,10.510,10.520,1472619,15473845.000,8140,10.510,5000,10.500,3714,10.490,20100,10.480,2900,10.470,1000,10.520,12600,10.530,14000,10.540,12200,10.550,13980,10.560,2018-04-16,15:00:00,00
603609,禾丰牧业,9.650,9.700,9.790,9.810,9.590,9.800,9.810,4209671,40745082.000,22900,9.800,23100,9.790,26800,9.780,62600,9.770,1600,9.760,400,9.810,12600,9.820,14200,9.830,13300,9.840,20200,9.850,2018-04-16,15:00:00,00
﻿603611,诺力股份,21.210,21.210,20.980,21.370,20.650,20.930,20.980,539800,11347490.000,100,20.930,2600,20.900,2300,20.860,1000,20.850,1800,20.840,200,20.980,5800,20.990,5500,21.000,900,21.030,10100,21.040,2018-04-16,15:00:00,00
603612,索通发展,44.110,44.830,42.640,44.500,41.800,42.590,42.600,3676040,159011203.000,6400,42.590,500,42.580,100,42.570,600,42.560,700,42.550,900,42.600,300,42.650,3500,42.660,700,42.670,4500,42.680,2018-04-16,15:00:00,00
603615,茶花股份,12.230,12.200,12.160,12.300,11.700,12.170,12.180,2072530,24992917.000,9100,12.170,6700,12.160,1500,12.150,6100,12.140,17500,12.130,13900,12.180,12500,12.190,17800,12.200,1400,12.210,14099,12.220,2018-04-16,15:00:00,00
603616,韩建河山,15.820,15.900,16.130,16.190,15.730,16.120,16.140,6613700,106075392.000,14800,16.120,1500,16.110,7500,16.100,11300,16.090,3500,16.080,60700,16.140,28200,16.150,10400,16.160,16600,16.170,26800,16.180,2018-04-16,15:00:00,00
603617,君禾股份,23.630,23.680,23.500,23.680,23.010,23.360,23.500,1011928,23623588.000,16100,23.360,2200,23.350,1000,23.340,2200,23.330,4000,23.320,4240,23.500,4300,23.520,1900,23.530,3200,23.540,2900,23.550,2018-04-16,15:00:00,00
603618,杭电股份,7.050,7.080,7.000,7.150,6.980,6.980,7.000,2523188,17769872.000,15100,6.980,5000,6.970,19800,6.960,8500,6.950,600,6.940,4200,7.000,8338,7.020,4000,7.030,2000,7.040,12700,7.050,2018-04-16,15:00:00,00
603619,中曼石油,39.980,39.670,40.020,40.990,39.650,40.000,40.010,7909159,318871665.000,1100,40.000,2100,39.990,4500,39.980,1200,39.970,6700,39.960,2900,40.010,6600,40.020,3700,40.050,800,40.060,1280,40.080,2018-04-16,15:00:00,00
﻿603626,科森科技,25.020,24.510,24.230,25.090,23.730,24.150,24.180,2294169,55786896.000,12900,24.150,1200,24.120,300,24.100,3500,24.060,200,24.050,11000,24.180,20400,24.230,800,24.250,1300,24.290,1300,24.300,2018-04-16,15:00:00,00
603628,清源股份,12.370,12.610,12.240,12.530,12.160,12.230,12.240,2942200,36249524.000,6700,12.230,10500,12.220,8400,12.210,13300,12.200,13200,12.190,4300,12.240,400,12.250,1000,12.260,12500,12.270,1300,12.280,2018-04-16,15:00:00,00
603630,拉芳家化,24.520,24.750,24.630,24.920,24.400,24.610,24.620,1043990,25735443.000,2100,24.610,100,24.600,5722,24.590,2000,24.580,20200,24.570,7900,24.620,200,24.640,2600,24.650,5000,24.660,1000,24.680,2018-04-16,15:00:00,00
﻿603633,徕木股份,17.630,17.670,17.290,17.650,17.010,17.290,17.300,912520,15831846.000,700,17.290,3000,17.280,1200,17.270,3400,17.260,100,17.250,8900,17.300,400,17.320,1900,17.330,1100,17.340,1400,17.350,2018-04-16,15:00:00,00
603636,南威软件,12.250,12.270,13.500,13.500,12.110,13.500,0.000,48608709,638199940.000,201181,13.500,3000,13.490,4953,13.480,12300,13.470,3568,13.460,0,0.000,0,0.000,0,0.000,0,0.000,0,0.000,2018-04-16,15:00:00,00
603637,镇海股份,24.500,25.170,24.250,25.150,23.090,24.050,24.300,2201192,53034552.000,100,24.050,1000,24.030,1300,24.020,1800,24.010,3500,24.000,4800,24.300,630,24.360,10400,24.380,900,24.390,10150,24.400,2018-04-16,15:00:00,00
603638,艾迪精密,35.850,35.850,36.750,37.350,35.800,36.710,36.730,1276193,46811669.000,600,36.710,100,36.700,9600,36.680,600,36.630,400,36.590,100,36.730,1400,36.820,3600,36.880,900,37.000,1000,37.020,2018-04-16,15:00:00,00
603639,海利尔,45.450,45.710,44.950,45.920,44.530,44.910,44.920,968822,43833177.000,200,44.910,2800,44.900,4000,44.840,9500,44.830,600,44.800,600,44.920,500,44.970,600,44.980,900,44.990,1100,45.000,2018-04-16,15:00:00,00
﻿603648,畅联股份,21.190,20.710,20.660,21.900,20.600,20.670,20.680,16441880,347626937.000,3400,20.670,12100,20.660,14500,20.650,300,20.640,4400,20.630,500,20.680,200,20.690,1700,20.700,6700,20.710,10600,20.720,2018-04-16,15:00:00,00
﻿603655,朗博科技,24.990,25.270,24.680,24.990,24.100,24.720,24.750,3804366,93402457.000,9800,24.720,5400,24.700,1900,24.680,3500,24.670,2800,24.640,1200,24.750,800,24.760,400,24.770,400,24.780,1000,24.790,2018-04-16,15:00:00,00
603656,泰禾光电,29.000,29.270,28.580,29.200,28.020,28.560,28.580,807980,23108050.000,1000,28.560,2700,28.550,3600,28.540,400,28.520,100,28.510,200,28.580,3200,28.590,2000,28.600,900,28.630,100,28.640,2018-04-16,15:00:00,00
603658,安图生物,57.100,58.420,56.120,58.110,55.000,56.000,56.140,1622859,91516300.000,1600,56.000,6200,55.980,200,55.900,1700,55.840,5000,55.820,600,56.140,1600,56.150,1500,56.160,300,56.170,1200,56.190,2018-04-16,15:00:00,00
603659,璞泰来,0.000,39.680,39.680,0.000,0.000,0.000,0.000,0,0.000,0,0.000,0,0.000,0,0.000,0,0.000,0,0.000,0,0.000,0,0.000,0,0.000,0,0.000,0,0.000,2018-04-16,15:00:00,03
603660,苏州科达,38.910,38.840,38.900,39.110,38.380,38.940,38.950,2605549,100922740.000,1200,38.940,15000,38.930,1900,38.920,500,38.910,5500,38.890,4800,38.950,100,38.960,3900,38.970,8100,38.980,1900,38.990,2018-04-16,15:00:00,00
﻿603661,恒林股份,55.010,55.350,53.320,55.010,52.690,53.390,53.400,1082184,58358020.000,9800,53.390,600,53.380,100,53.370,4100,53.360,400,53.230,900,53.400,200,53.490,600,53.510,500,53.520,1500,53.530,2018-04-16,15:00:00,00
603663,三祥新材,19.410,19.410,18.620,19.500,18.450,18.610,18.620,1191302,22471066.000,300,18.610,3100,18.600,2000,18.590,200,18.580,2200,18.570,4700,18.620,4500,18.630,6600,18.640,6300,18.650,10000,18.680,2018-04-16,15:00:00,00
603665,康隆达,35.710,36.330,35.560,36.380,35.520,35.550,35.600,120400,4316880.000,1200,35.550,3300,35.530,1500,35.520,1100,35.510,300,35.500,300,35.600,2000,35.610,3000,35.620,1000,35.640,1000,35.730,2018-04-16,15:00:00,00
603667,五洲新春,0.000,22.040,22.040,0.000,0.000,0.000,0.000,0,0.000,0,0.000,0,0.000,0,0.000,0,0.000,0,0.000,0,0.000,0,0.000,0,0.000,0,0.000,0,0.000,2018-04-16,15:00:00,03
603668,天马科技,10.900,10.850,10.600,10.960,10.500,10.590,10.600,2639180,28178095.000,13400,10.590,2200,10.580,7700,10.560,6500,10.550,11900,10.540,300,10.600,4500,10.620,2000,10.630,400,10.640,9100,10.650,2018-04-16,15:00:00,00
603669,灵康药业,19.980,19.970,19.810,20.380,19.800,19.880,19.900,1431500,28760501.000,2900,19.880,1100,19.800,1000,19.790,3300,19.780,2000,19.760,1000,19.900,2200,19.950,2600,19.960,8700,19.970,200,19.980,2018-04-16,15:00:00,00
﻿603676,卫信康,18.800,19.330,18.990,19.310,18.470,18.990,19.000,10012577,188486734.000,8000,18.990,6600,18.980,2100,18.970,6800,18.960,6300,18.950,1100,19.000,600,19.010,3700,19.020,1000,19.030,7600,19.050,2018-04-16,15:00:00,00
603677,奇精机械,24.500,24.620,25.960,26.280,23.700,25.990,26.000,4388010,109844387.000,6300,25.990,400,25.970,800,25.920,2000,25.910,8900,25.900,27005,26.000,5100,26.050,3800,26.060,5100,26.070,1300,26.080,2018-04-16,15:00:00,00
603678,火炬电子,28.570,28.530,29.290,29.610,28.270,29.270,29.300,3393474,98850280.000,1450,29.270,1300,29.260,2700,29.250,15000,29.230,56200,29.220,11500,29.300,1400,29.310,2900,29.320,5700,29.330,3700,29.340,2018-04-16,15:00:00,00
603679,华体科技,25.440,25.420,25.860,26.160,25.150,25.850,25.880,1647556,42341046.000,1100,25.850,4300,25.840,5144,25.830,2600,25.800,500,25.750,3300,25.880,3000,25.890,9700,25.900,300,25.950,2300,25.980,2018-04-16,15:00:00,00
603680,今创集团,39.990,39.830,38.490,40.240,38.220,38.490,38.500,3053158,118801095.000,300,38.490,22300,38.480,8600,38.470,8900,38.460,3000,38.450,2100,38.500,600,38.520,3600,38.540,4100,38.550,2000,38.560,2018-04-16,15:00:00,00
﻿603683,晶华新材,22.360,22.730,22.700,23.030,21.850,22.710,22.720,4269115,96206629.000,1300,22.710,6000,22.700,1400,22.690,1100,22.680,2100,22.660,1800,22.720,4100,22.730,18500,22.740,6000,22.750,300,22.770,2018-04-16,15:00:00,00
603685,晨丰科技,32.650,33.510,31.370,32.660,31.330,31.380,31.390,3540568,112858013.000,2200,31.380,100,31.370,4800,31.360,2800,31.350,3900,31.340,9300,31.390,1000,31.400,1100,31.410,2800,31.420,12960,31.430,2018-04-16,15:00:00,00
603686,龙马环卫,25.250,24.730,23.910,25.330,23.600,23.870,23.880,1944176,47502443.000,400,23.870,5100,23.860,10108,23.850,10100,23.840,1000,23.830,1200,23.880,300,23.900,500,23.950,400,23.970,700,23.980,2018-04-16,15:00:00,00
603688,石英股份,14.070,14.260,14.060,14.260,13.840,14.050,14.060,1691021,23696606.000,3329,14.050,7300,14.030,7700,14.010,5200,14.000,2400,13.990,7000,14.060,10600,14.070,1900,14.080,3000,14.090,1400,14.100,2018-04-16,15:00:00,00
603689,皖天然气,11.700,11.780,11.420,11.760,11.400,11.420,11.430,3719400,43016645.000,9000,11.420,2600,11.410,41200,11.400,1000,11.390,2500,11.380,1500,11.430,7900,11.440,16500,11.450,11300,11.460,5400,11.470,2018-04-16,15:00:00,00
603690,至纯科技,0.000,18.290,18.290,0.000,0.000,0.000,0.000,0,0.000,0,0.000,0,0.000,0,0.000,0,0.000,0,0.000,0,0.000,0,0.000,0,0.000,0,0.000,0,0.000,2018-04-16,15:00:00,03
﻿603696,安记食品,34.800,34.860,34.170,34.800,34.010,34.100,34.170,342800,11723262.000,2100,34.100,900,34.090,100,34.080,1100,34.070,600,34.060,100,34.170,9004,34.180,500,34.190,1000,34.220,700,34.230,2018-04-16,15:00:00,00
603698,航天工程,18.820,18.820,18.840,18.890,18.530,18.830,18.840,1251800,23457997.000,1700,18.830,1000,18.810,2600,18.790,5400,18.780,2600,18.770,1500,18.840,4900,18.850,11100,18.860,1000,18.870,7400,18.880,2018-04-16,15:00:00,00
603699,纽威股份,18.890,18.960,18.980,19.080,18.790,18.980,18.990,1323800,25046938.000,37400,18.980,30000,18.970,15900,18.960,26600,18.950,15800,18.940,10400,18.990,4800,19.000,3100,19.010,2800,19.020,5000,19.030,2018-04-16,15:00:00,00
﻿603701,德宏股份,18.050,18.190,17.590,18.120,17.450,17.600,17.630,1295033,22982880.000,2400,17.600,200,17.590,37700,17.580,500,17.570,4700,17.560,5300,17.630,200,17.660,1500,17.670,1280,17.680,17300,17.690,2018-04-16,15:00:00,00
603703,盛洋科技,12.250,12.270,12.740,12.900,12.070,12.750,12.760,8803864,110835925.000,5300,12.750,12100,12.740,11200,12.730,19600,12.720,1200,12.710,7400,12.760,30125,12.770,10400,12.780,14900,12.790,95900,12.800,2018-04-16,15:00:00,00
603707,健友股份,26.600,26.690,26.600,27.050,26.000,26.590,26.600,3223742,85077677.000,760,26.590,400,26.570,300,26.560,15300,26.550,240,26.530,2000,26.600,1000,26.620,500,26.630,500,26.640,2660,26.650,2018-04-16,15:00:00,00
603708,家家悦,21.920,21.920,21.670,21.980,21.310,21.660,21.680,2831988,61174144.000,1800,21.660,2200,21.650,2700,21.640,6700,21.630,2600,21.610,8200,21.680,7330,21.690,75300,21.700,36400,21.710,10000,21.720,2018-04-16,15:00:00,00
603709,中源家居,35.030,34.960,34.600,35.580,33.800,34.480,34.650,3029210,105683937.000,2700,34.480,100,34.470,1700,34.460,1500,34.450,600,34.420,700,34.650,4900,34.660,3000,34.670,1700,34.680,1100,34.690,2018-04-16,15:00:00,00
﻿603711,香飘飘,23.320,23.650,23.020,23.780,22.670,23.020,23.030,3118157,72150220.000,1500,23.020,2000,23.010,3400,23.000,2400,22.980,8000,22.970,8000,23.030,1000,23.040,5500,23.050,2800,23.060,3400,23.070,2018-04-16,15:00:00,00
603712,七一二,40.410,41.290,43.390,45.350,39.880,43.410,43.420,43909396,1884617046.000,2700,43.410,900,43.400,11400,43.390,7900,43.380,18100,43.370,4400,43.420,3100,43.430,2200,43.440,9100,43.450,3100,43.460,2018-04-16,15:00:00,00
603716,塞力斯,68.980,69.650,67.060,68.980,65.610,67.040,67.070,1443279,96294119.000,100,67.040,3000,67.030,4300,67.020,3460,67.010,300,67.000,1300,67.070,400,67.090,1300,67.100,3100,67.120,2600,67.200,2018-04-16,15:00:00,00
603717,天域生态,22.010,21.810,22.380,22.410,21.730,22.400,22.410,2758083,60886406.000,1500,22.400,6100,22.370,5000,22.360,13800,22.350,1200,22.340,500,22.410,1500,22.420,5500,22.440,4100,22.450,5000,22.460,2018-04-16,15:00:00,00
603718,海利生物,12.350,12.280,12.790,12.900,12.100,12.760,12.770,10812848,134974265.000,700,12.760,13800,12.750,11800,12.740,99900,12.730,70000,12.720,4300,12.770,13550,12.780,37700,12.790,29339,12.800,5700,12.810,2018-04-16,15:00:00,00
﻿603721,中广天择,27.880,28.230,28.140,28.360,27.550,28.100,28.150,765262,21381635.000,500,28.100,3707,28.080,1100,28.050,300,28.020,800,28.010,400,28.150,300,28.190,11500,28.200,800,28.210,3100,28.220,2018-04-16,15:00:00,00
603722,阿科力,39.880,39.760,40.480,40.570,39.150,40.500,40.510,4382090,175754538.000,100,40.500,300,40.490,3300,40.480,2500,40.450,2300,40.420,1700,40.510,14000,40.520,13400,40.530,13100,40.540,2700,40.550,2018-04-16,15:00:00,00
603725,天安新材,19.000,19.090,18.490,19.010,18.130,18.480,18.490,2231167,41087917.000,800,18.480,6100,18.470,1000,18.460,6700,18.450,500,18.420,2500,18.490,4300,18.500,1410,18.520,400,18.530,1200,18.540,2018-04-16,15:00:00,00
603726,朗迪集团,29.320,29.440,29.200,29.570,28.720,29.180,29.200,580200,16941050.000,2000,29.180,100,29.170,4600,29.150,6300,29.130,100,29.060,2000,29.200,200,29.240,500,29.270,2200,29.280,1400,29.290,2018-04-16,15:00:00,00
603727,博迈科,19.400,19.200,19.070,19.640,18.880,19.100,19.140,1951400,37751800.000,2300,19.100,1100,19.060,2300,19.050,1000,19.040,3300,19.030,200,19.140,2100,19.150,1000,19.160,500,19.180,4300,19.190,2018-04-16,15:00:00,00
603728,鸣志电器,21.680,21.550,21.080,21.680,20.870,21.050,21.080,1523717,32221506.000,300,21.050,183,21.000,8500,20.990,6500,20.980,500,20.970,1100,21.080,2400,21.090,2828,21.100,2000,21.120,400,21.140,2018-04-16,15:00:00,00
603729,龙韵股份,56.340,51.220,56.340,56.340,56.340,56.340,0.000,804177,45307332.000,3944123,56.340,8700,56.330,2400,56.300,1000,56.270,200,55.800,0,0.000,0,0.000,0,0.000,0,0.000,0,0.000,2018-04-16,15:00:00,00
603730,岱美股份,33.990,34.320,33.740,34.220,33.660,33.750,33.760,683341,23158630.000,3100,33.750,3300,33.730,580,33.720,2500,33.710,2300,33.700,1400,33.760,500,33.800,2000,33.810,100,33.830,200,33.840,2018-04-16,15:00:00,00
﻿603733,仙鹤股份,0.000,0.000,0.000,0.000,0.000,0.000,0.000,0,0.000,0,0.000,0,0.000,0,0.000,0,0.000,0,0.000,0,0.000,0,0.000,0,0.000,0,0.000,0,0.000,2018-04-06,11:45:01,-2
603737,三棵树,71.980,72.110,72.730,73.300,70.810,72.680,72.730,372425,27070896.000,100,72.680,1500,72.670,1300,72.660,2800,72.650,1000,72.620,200,72.730,5000,72.770,1100,72.800,600,72.810,200,72.830,2018-04-16,15:00:00,00
603738,泰晶科技,28.190,28.030,27.960,28.230,27.510,27.950,27.960,1046055,29152888.000,100,27.950,400,27.940,5500,27.920,100,27.900,1100,27.890,700,27.960,6100,27.970,400,27.980,2100,27.990,500,28.000,2018-04-16,15:00:00,00
﻿﻿603757,大元泵业,59.510,60.550,64.290,64.600,59.010,64.300,64.310,2642070,165170252.000,5400,64.300,600,64.250,200,64.210,1000,64.200,100,64.190,600,64.310,900,64.370,3300,64.380,1700,64.390,1700,64.400,2018-04-16,15:00:00,00
603758,秦安股份,13.200,13.280,12.660,13.360,12.580,12.640,12.650,2808200,36338928.000,13300,12.640,5400,12.630,9700,12.620,9100,12.610,13100,12.600,2900,12.650,2100,12.660,8241,12.670,6600,12.680,1800,12.690,2018-04-16,15:00:00,00
﻿603766,隆鑫通用,6.320,6.330,6.350,6.400,6.280,6.340,6.350,5308847,33746287.000,74400,6.340,54000,6.330,42700,6.320,37500,6.310,80400,6.300,23900,6.350,27600,6.360,237900,6.370,76750,6.380,193650,6.390,2018-04-16,15:00:00,00
603767,中马传动,15.000,14.950,14.830,15.180,14.630,14.840,14.850,3489934,51884569.000,15800,14.840,2900,14.830,15100,14.820,9600,14.810,5500,14.800,11500,14.850,1000,14.860,2200,14.870,3000,14.880,4500,14.910,2018-04-16,15:00:00,00
603768,常青股份,16.620,16.710,15.960,16.850,15.940,15.950,15.960,1440859,23373001.000,600,15.950,1300,15.940,7400,15.930,900,15.920,1000,15.910,300,15.960,5800,15.970,2500,15.980,1300,15.990,10979,16.000,2018-04-16,15:00:00,00
﻿603773,沃格光电,0.000,0.000,0.000,0.000,0.000,0.000,0.000,0,0.000,0,0.000,0,0.000,0,0.000,0,0.000,0,0.000,0,0.000,0,0.000,0,0.000,0,0.000,0,0.000,2018-04-06,11:45:01,-2
603776,永安行,64.450,63.030,65.230,65.980,63.300,65.180,65.240,2246258,145690273.000,600,65.180,500,65.130,100,65.120,9100,65.110,1100,65.100,500,65.240,4500,65.250,600,65.260,700,65.270,2600,65.280,2018-04-16,15:00:00,00
603777,来伊份,24.010,24.110,23.270,24.010,23.040,23.280,23.290,3370040,79146686.000,8000,23.280,1400,23.270,300,23.260,1800,23.250,1500,23.240,1900,23.290,2200,23.300,2900,23.320,200,23.350,1100,23.360,2018-04-16,15:00:00,00
603778,乾景园林,6.850,6.850,6.900,7.050,6.820,6.890,6.900,3746530,25955713.000,16000,6.890,8600,6.880,12950,6.870,9400,6.860,16400,6.850,8600,6.900,30700,6.910,22300,6.920,21200,6.930,11000,6.940,2018-04-16,15:00:00,00
603779,威龙股份,15.890,15.950,15.690,15.890,15.530,15.680,15.690,748300,11716719.000,4200,15.680,2100,15.670,2600,15.660,600,15.640,100,15.630,500,15.690,14300,15.700,5300,15.710,9100,15.720,4200,15.730,2018-04-16,15:00:00,00
﻿603787,新日股份,15.220,15.260,15.240,15.270,15.010,15.240,15.250,1464049,22144880.000,7200,15.240,61900,15.230,42300,15.220,51300,15.210,35100,15.200,37100,15.250,15600,15.260,16800,15.270,17800,15.280,4800,15.290,2018-04-16,15:00:00,00
603788,宁波高发,42.910,42.700,42.660,43.340,42.310,42.680,42.700,731800,31387868.000,500,42.680,100,42.650,1000,42.640,100,42.630,800,42.620,1000,42.700,700,42.710,1100,42.720,800,42.750,1000,42.760,2018-04-16,15:00:00,00
603789,星光农机,12.300,12.430,12.250,12.570,12.160,12.250,12.260,2131170,26387004.000,5000,12.250,4500,12.240,4560,12.230,7800,12.220,16100,12.210,4500,12.260,5890,12.270,2300,12.350,1110,12.360,1000,12.370,2018-04-16,15:00:00,00
﻿603797,联泰环保,17.200,17.130,16.780,17.280,16.600,16.800,16.830,1912578,32151639.000,26800,16.800,3100,16.760,7900,16.750,6400,16.740,27200,16.730,1600,16.830,300,16.840,600,16.850,2000,16.860,1000,16.870,2018-04-16,15:00:00,00
603798,康普顿,15.130,15.130,15.360,15.380,15.040,15.340,15.350,990518,15080782.000,1800,15.340,6100,15.330,700,15.320,1800,15.300,100,15.290,3100,15.350,5900,15.360,1900,15.370,7300,15.380,1400,15.390,2018-04-16,15:00:00,00
603799,华友钴业,110.500,111.500,107.960,112.390,107.120,107.950,107.960,14650897,1598706469.000,300,107.950,300,107.910,1100,107.900,1300,107.880,100,107.860,3641,107.960,1100,107.970,4014,107.980,500,107.990,5400,108.000,2018-04-16,15:00:00,00
603800,道森股份,14.130,14.120,13.840,14.250,13.660,13.810,13.820,1603819,22279501.000,2800,13.810,11600,13.800,5200,13.760,2400,13.750,2200,13.740,1500,13.820,1300,13.830,4900,13.840,7300,13.870,3200,13.880,2018-04-16,15:00:00,00
﻿603801,志邦股份,63.330,64.000,65.010,65.100,63.330,65.000,65.030,740163,47811088.000,300,65.000,100,64.990,200,64.900,600,64.810,200,64.800,100,65.030,3800,65.040,3700,65.050,500,65.060,1400,65.070,2018-04-16,15:00:00,00
603803,瑞斯康达,19.220,19.240,19.420,19.490,18.870,19.410,19.420,9579655,184840122.000,200,19.410,13300,19.400,6300,19.390,20100,19.380,3000,19.370,30000,19.420,12400,19.430,3900,19.440,12300,19.450,61300,19.460,2018-04-16,15:00:00,00
603806,福斯特,37.700,37.310,36.350,37.820,35.750,36.350,36.360,959791,35282189.000,900,36.350,100,36.340,2200,36.330,100,36.320,100,36.310,100,36.360,2000,36.370,1900,36.380,7600,36.410,200,36.440,2018-04-16,15:00:00,00
603808,歌力思,21.320,21.490,21.590,21.930,21.320,21.580,21.650,1793953,38818634.000,1000,21.580,1500,21.570,2800,21.560,11200,21.550,100,21.540,2300,21.650,3700,21.660,2000,21.670,3500,21.680,3100,21.700,2018-04-16,15:00:00,00
603809,豪能股份,32.970,33.030,32.090,32.970,31.800,32.070,32.090,1656019,53482013.000,800,32.070,2000,32.050,8000,32.040,11300,32.030,10000,32.020,3200,32.090,3080,32.100,3000,32.110,1300,32.120,2400,32.130,2018-04-16,15:00:00,00
﻿603811,诚意药业,31.040,32.110,31.300,32.090,31.030,31.250,31.300,1679991,52875774.000,1000,31.250,2600,31.200,500,31.180,1000,31.170,4900,31.150,400,31.300,2400,31.310,2500,31.330,2600,31.340,2300,31.350,2018-04-16,15:00:00,00
603813,原尚股份,31.550,30.840,30.650,31.900,30.370,30.660,30.670,2799785,87164642.000,4400,30.660,200,30.650,2800,30.640,3000,30.630,2200,30.620,1000,30.670,400,30.690,24000,30.700,600,30.710,2000,30.720,2018-04-16,15:00:00,00
603816,顾家家居,62.000,62.690,64.250,64.270,62.000,64.170,64.270,1739918,109612435.000,1000,64.170,500,64.160,500,64.140,300,64.120,1400,64.100,1800,64.270,1000,64.280,1600,64.290,1600,64.300,100,64.370,2018-04-16,15:00:00,00
603817,海峡环保,10.500,10.440,10.000,10.520,9.960,9.990,10.000,4944951,50164014.000,9000,9.990,26800,9.980,38400,9.970,12500,9.960,12300,9.950,23400,10.000,1600,10.010,4600,10.020,2800,10.030,11800,10.040,2018-04-16,15:00:00,00
603818,曲美家居,14.140,14.230,14.420,14.780,14.060,14.410,14.420,2832440,41007663.000,3800,14.410,1700,14.370,4900,14.360,3000,14.340,3500,14.330,9400,14.420,16300,14.440,7700,14.450,100,14.460,8000,14.470,2018-04-16,15:00:00,00
603819,神力股份,16.100,16.300,16.050,16.400,15.900,16.050,16.080,1062700,17105113.000,15400,16.050,800,16.040,500,16.010,1600,16.000,5900,15.980,2000,16.080,1600,16.090,10700,16.100,4500,16.110,100,16.120,2018-04-16,15:00:00,00
﻿603822,嘉澳环保,0.000,35.910,35.910,0.000,0.000,0.000,0.000,0,0.000,0,0.000,0,0.000,0,0.000,0,0.000,0,0.000,0,0.000,0,0.000,0,0.000,0,0.000,0,0.000,2018-04-16,15:00:00,03
603823,百合花,15.700,15.810,15.320,15.800,15.250,15.310,15.330,1702884,26369569.000,4596,15.310,4000,15.300,3000,15.280,100,15.270,5200,15.260,100,15.330,500,15.350,1700,15.360,300,15.380,2900,15.390,2018-04-16,15:00:00,00
603825,华扬联众,0.000,35.360,35.360,0.000,0.000,0.000,0.000,0,0.000,0,0.000,0,0.000,0,0.000,0,0.000,0,0.000,0,0.000,0,0.000,0,0.000,0,0.000,0,0.000,2018-04-16,15:00:00,00
603826,坤彩科技,14.900,15.640,15.170,15.470,14.860,15.140,15.170,13954192,211521812.000,500,15.140,16600,15.130,6800,15.120,16300,15.110,7700,15.100,4700,15.170,9033,15.180,8800,15.190,2500,15.200,500,15.210,2018-04-16,15:00:00,00
603828,柯利达,8.180,8.230,8.150,8.290,8.080,8.110,8.150,927940,7560201.000,7500,8.110,2500,8.100,6600,8.090,18600,8.080,8700,8.070,3225,8.150,14200,8.160,11000,8.180,22200,8.190,12900,8.200,2018-04-16,15:00:00,00
603829,洛凯股份,17.760,18.070,17.740,18.280,17.400,17.750,17.760,2855491,50848437.000,1000,17.750,5600,17.720,9500,17.710,30900,17.700,6400,17.680,2500,17.760,6400,17.780,3900,17.790,3800,17.800,640,17.810,2018-04-16,15:00:00,00
﻿603833,欧派家居,136.820,136.390,135.070,136.820,133.000,135.070,135.350,359830,48582822.000,100,135.070,100,135.040,100,135.030,200,135.010,1470,135.000,1000,135.350,1000,135.390,300,135.400,1000,135.420,200,135.500,2018-04-16,15:00:00,00
603838,四通股份,10.360,10.260,10.160,10.500,10.080,10.130,10.160,2016700,20621280.000,6600,10.130,1100,10.120,11100,10.110,18300,10.100,17100,10.090,12600,10.160,12700,10.170,12900,10.180,11000,10.190,11900,10.200,2018-04-16,15:00:00,00
603839,安正时尚,22.600,22.760,22.660,22.780,22.410,22.690,22.700,729635,16513257.000,2700,22.690,500,22.620,400,22.570,1600,22.560,2514,22.550,200,22.700,2100,22.710,200,22.720,100,22.730,2000,22.750,2018-04-16,15:00:00,00
﻿603843,正平股份,0.000,12.380,12.380,0.000,0.000,0.000,0.000,0,0.000,0,0.000,0,0.000,0,0.000,0,0.000,0,0.000,0,0.000,0,0.000,0,0.000,0,0.000,0,0.000,2018-04-16,15:00:00,03
603848,好太太,19.880,20.510,19.940,20.980,19.800,19.950,19.970,7296654,147627523.000,300,19.950,3300,19.940,4400,19.930,3300,19.920,2500,19.910,5000,19.970,900,19.980,800,19.990,14400,20.000,500,20.010,2018-04-16,15:00:00,00
﻿603855,华荣股份,10.880,11.010,10.710,10.990,10.480,10.690,10.710,2551675,27375602.000,5100,10.690,2900,10.680,7000,10.650,2400,10.620,3400,10.610,3400,10.710,3400,10.720,1600,10.730,5800,10.740,5200,10.750,2018-04-16,15:00:00,00
603856,东宏股份,18.710,18.880,18.460,18.860,18.030,18.440,18.450,4893194,90184530.000,2900,18.440,500,18.430,8800,18.420,100,18.410,5500,18.400,500,18.450,3900,18.470,10100,18.480,8965,18.490,18366,18.500,2018-04-16,15:00:00,00
603858,步长制药,49.600,49.660,48.820,49.920,48.600,48.820,48.830,3214594,157952007.000,800,48.820,500,48.810,1400,48.800,1100,48.790,3500,48.780,300,48.830,800,48.840,6500,48.850,7100,48.860,7200,48.870,2018-04-16,15:00:00,00
603859,能科股份,22.480,22.800,22.780,22.840,22.010,22.830,22.840,2939160,65963774.000,600,22.830,4900,22.800,2500,22.780,2700,22.760,17000,22.750,1900,22.840,500,22.860,1400,22.880,1500,22.890,2600,22.900,2018-04-16,15:00:00,00
603860,中公高科,36.560,36.810,37.380,37.730,36.280,37.420,37.430,1376876,51062557.000,700,37.420,2200,37.320,600,37.300,500,37.280,1500,37.260,3300,37.430,3800,37.440,6900,37.450,1600,37.470,3300,37.480,2018-04-16,15:00:00,00
﻿603861,白云电器,14.450,14.450,14.090,14.500,13.990,14.090,14.110,1417606,20121436.000,14900,14.090,44300,14.080,300,14.060,1700,14.050,2700,14.030,300,14.110,1200,14.120,1200,14.130,1000,14.140,300,14.150,2018-04-16,15:00:00,00
603866,桃李面包,52.000,52.630,52.700,53.380,51.360,52.690,52.700,1112359,58514218.000,2000,52.690,300,52.590,500,52.570,500,52.560,2000,52.530,3000,52.700,100,52.770,3037,52.780,100,52.790,14400,52.800,2018-04-16,15:00:00,00
603868,飞科电器,55.810,55.880,54.960,56.250,54.550,54.960,54.980,1092975,60431877.000,100,54.960,100,54.920,800,54.910,15000,54.900,74100,54.870,200,54.980,200,54.990,12481,55.000,1200,55.050,748,55.110,2018-04-16,15:00:00,00
603869,北部湾旅,23.200,22.380,22.990,24.440,22.880,22.990,23.000,6686600,157217303.000,4000,22.990,41400,22.980,5000,22.970,8300,22.960,5000,22.950,10700,23.000,2300,23.030,200,23.090,800,23.100,2900,23.110,2018-04-16,15:00:00,00
﻿603871,嘉友国际,84.000,87.370,78.630,85.880,78.630,78.640,78.650,7249817,588516319.000,4000,78.640,2303,78.630,0,0.000,0,0.000,0,0.000,3104,78.650,300,78.690,300,78.700,5500,78.740,2500,78.750,2018-04-16,15:00:00,00
603876,鼎胜新材,0.000,0.000,0.000,0.000,0.000,0.000,0.000,0,0.000,0,0.000,0,0.000,0,0.000,0,0.000,0,0.000,0,0.000,0,0.000,0,0.000,0,0.000,0,0.000,2018-04-06,11:45:01,-2
603877,太平鸟,31.110,31.030,30.400,31.350,30.020,30.300,30.400,1317840,40196585.000,600,30.300,1900,30.200,2000,30.190,300,30.160,200,30.120,800,30.400,1900,30.420,300,30.430,2900,30.440,1300,30.450,2018-04-16,15:00:00,00
603878,武进不锈,15.880,15.900,15.450,15.880,15.360,15.450,15.460,1660381,25920189.000,100,15.450,3300,15.440,3400,15.430,5400,15.420,3900,15.410,8800,15.460,100,15.470,1500,15.480,700,15.490,19600,15.500,2018-04-16,15:00:00,00
603879,永悦科技,15.830,16.060,15.500,16.100,15.210,15.480,15.500,3575927,55881262.000,100,15.480,1000,15.450,500,15.410,400,15.400,1400,15.390,2000,15.500,8800,15.510,15700,15.520,1300,15.530,700,15.540,2018-04-16,15:00:00,00
603880,南卫股份,0.000,24.650,24.650,0.000,0.000,0.000,0.000,0,0.000,0,0.000,0,0.000,0,0.000,0,0.000,0,0.000,0,0.000,0,0.000,0,0.000,0,0.000,0,0.000,2018-04-16,15:00:00,03
﻿603881,数据港,42.530,42.370,43.420,43.560,42.000,43.440,43.450,5765331,247708594.000,1100,43.440,3800,43.420,1100,43.410,3100,43.400,1500,43.390,3300,43.450,100,43.470,5700,43.480,2400,43.490,76400,43.500,2018-04-16,15:00:00,00
603882,金域医学,32.200,31.040,31.570,32.330,31.000,31.560,31.590,3627990,114642513.000,3600,31.560,3200,31.550,500,31.540,1900,31.530,2000,31.520,1500,31.590,10400,31.600,300,31.610,200,31.620,1000,31.630,2018-04-16,15:00:00,00
603883,老百姓,73.570,74.120,73.460,75.470,71.020,73.600,73.880,2205832,161333028.000,800,73.600,11107,73.250,100,73.100,100,73.000,300,72.720,200,73.880,200,73.980,1600,73.990,700,74.000,300,74.020,2018-04-16,15:00:00,00
603885,吉祥航空,14.600,14.740,15.000,15.250,14.600,14.920,14.990,4111628,61829832.000,8900,14.920,4000,14.910,700,14.860,12300,14.850,7200,14.840,300,14.990,10700,15.000,2800,15.010,2300,15.020,3100,15.030,2018-04-16,15:00:00,00
603886,元祖股份,19.140,19.190,18.740,19.200,18.660,18.730,18.770,1889504,35659692.000,800,18.730,14900,18.720,4300,18.700,45300,18.690,1700,18.680,800,18.770,1100,18.780,4400,18.790,1000,18.800,400,18.820,2018-04-16,15:00:00,00
603887,城地股份,0.000,29.630,29.630,0.000,0.000,0.000,0.000,0,0.000,0,0.000,0,0.000,0,0.000,0,0.000,0,0.000,0,0.000,0,0.000,0,0.000,0,0.000,0,0.000,2018-04-16,15:00:00,03
603888,新华网,22.000,21.820,22.170,22.980,21.810,22.150,22.160,4778680,107343137.000,5400,22.150,5900,22.140,5000,22.130,2600,22.120,2900,22.110,700,22.160,1000,22.170,357,22.190,26500,22.200,300,22.210,2018-04-16,15:00:00,00
603889,新澳股份,13.890,13.900,13.900,13.990,13.840,13.900,13.910,834900,11605480.000,4000,13.900,15700,13.880,8100,13.870,6300,13.860,1700,13.850,12000,13.910,4200,13.920,5100,13.930,12400,13.940,5600,13.950,2018-04-16,15:00:00,00
603890,春秋电子,35.020,35.170,34.480,35.580,33.890,34.510,34.520,3191078,110795882.000,1400,34.510,12100,34.500,100,34.480,500,34.470,700,34.460,1900,34.520,6800,34.530,1600,34.540,5900,34.550,1800,34.580,2018-04-16,15:00:00,00
﻿603895,天永智能,55.550,57.380,51.880,55.800,51.640,51.950,51.980,6418575,338546594.000,1500,51.950,100,51.900,1000,51.860,6100,51.850,3700,51.830,1100,51.980,1500,51.990,2300,52.000,4200,52.070,400,52.100,2018-04-16,15:00:00,00
603896,寿仙谷,47.590,47.770,48.130,48.330,47.120,48.120,48.130,1091177,52119829.000,8700,48.120,200,48.110,1600,48.100,400,48.070,2300,48.060,4100,48.130,7400,48.140,15400,48.150,1400,48.160,500,48.180,2018-04-16,15:00:00,00
603897,长城科技,37.240,33.850,37.240,37.240,37.240,37.240,0.000,213393,7946755.000,2310007,37.240,13800,37.230,1300,37.220,2300,37.210,2400,37.200,0,0.000,0,0.000,0,0.000,0,0.000,0,0.000,2018-04-16,15:00:00,00
603898,好莱客,27.890,27.890,27.540,27.890,27.430,27.540,27.590,810934,22355984.000,1600,27.540,700,27.530,2400,27.520,100,27.510,300,27.500,1000,27.590,1500,27.600,3200,27.610,900,27.620,600,27.640,2018-04-16,15:00:00,00
603899,晨光文具,30.100,30.310,30.470,30.890,29.880,30.460,30.500,1783646,54127815.000,400,30.460,300,30.450,500,30.410,500,30.400,100,30.390,11400,30.500,500,30.550,600,30.570,4000,30.580,1200,30.590,2018-04-16,15:00:00,00
603900,莱绅通灵,25.690,25.790,26.090,26.150,25.220,26.090,26.100,1472845,37601297.000,160,26.090,1300,26.070,500,26.060,700,26.050,5200,26.040,600,26.100,3300,26.110,1400,26.120,3400,26.130,2500,26.140,2018-04-16,15:00:00,00
﻿603901,永创智能,8.440,8.530,8.690,8.780,8.440,8.680,8.690,5935191,51057930.000,21300,8.680,27900,8.670,24000,8.660,1700,8.650,9214,8.640,17900,8.690,17600,8.700,20800,8.710,12400,8.720,34000,8.730,2018-04-16,15:00:00,00
603903,中持股份,31.150,31.710,30.880,31.680,30.650,30.870,30.880,1125363,34864518.000,600,30.870,6900,30.860,600,30.850,800,30.820,4300,30.810,3700,30.880,11900,30.900,400,30.910,500,30.920,600,30.930,2018-04-16,15:00:00,00
603906,龙蟠科技,14.600,14.560,14.060,14.600,14.010,14.050,14.060,1716716,24384547.000,1200,14.050,4400,14.040,8900,14.030,5200,14.020,36400,14.010,4800,14.060,11100,14.070,1700,14.090,6000,14.100,1800,14.110,2018-04-16,15:00:00,00
603908,牧高笛,31.770,31.610,30.970,31.840,30.680,30.990,31.030,367600,11459390.000,8300,30.990,2000,30.950,200,30.920,500,30.910,1800,30.900,500,31.030,900,31.040,1900,31.050,700,31.100,1000,31.110,2018-04-16,15:00:00,00
603909,合诚股份,29.420,29.440,28.960,29.420,28.850,28.950,29.040,227300,6613369.000,1700,28.950,1900,28.930,100,28.920,2100,28.910,700,28.860,1000,29.040,500,29.050,400,29.080,900,29.090,3000,29.100,2018-04-16,15:00:00,00
﻿603912,佳力图,26.340,26.810,26.100,26.680,25.650,26.110,26.140,4983049,130153684.000,4300,26.110,6704,26.100,3600,26.090,4400,26.080,5000,26.070,4900,26.140,3800,26.150,19100,26.160,15900,26.170,800,26.180,2018-04-16,15:00:00,00
603916,苏博特,16.010,16.280,15.440,16.150,15.350,15.430,15.440,7323791,114695716.000,1600,15.430,7200,15.420,5600,15.410,17800,15.400,2100,15.390,23763,15.440,5700,15.450,4600,15.460,8500,15.470,1300,15.480,2018-04-16,15:00:00,00
603917,合力科技,27.000,28.040,25.380,27.000,25.240,25.350,25.390,7303478,189101017.000,300,25.350,2900,25.330,31700,25.320,12700,25.310,11600,25.300,5900,25.390,3500,25.400,726,25.410,5600,25.420,11000,25.440,2018-04-16,15:00:00,00
603918,金桥信息,18.040,18.490,19.140,19.440,18.040,19.110,19.170,5807257,109813555.000,5600,19.110,22100,19.100,300,19.080,100,19.070,100,19.060,100,19.170,5900,19.180,1400,19.190,9600,19.200,600,19.210,2018-04-16,15:00:00,00
603919,金徽酒,15.950,15.950,15.860,16.020,15.750,15.850,15.860,499714,7956398.000,1970,15.850,700,15.840,1100,15.830,6800,15.820,7300,15.810,1000,15.860,2100,15.870,8284,15.880,300,15.890,2820,15.900,2018-04-16,15:00:00,00
603920,世运电路,16.700,16.810,16.290,16.850,16.080,16.280,16.300,3446091,56846984.000,1200,16.280,3000,16.270,2975,16.260,14400,16.250,4900,16.240,8100,16.300,9500,16.310,3200,16.320,3800,16.330,4300,16.340,2018-04-16,15:00:00,00
﻿603922,金鸿顺,25.850,25.870,25.870,26.370,25.500,25.850,25.870,1902929,49285385.000,800,25.850,3800,25.840,1800,25.820,5200,25.810,3400,25.800,100,25.870,1800,25.900,1400,25.920,4600,25.930,560,25.940,2018-04-16,15:00:00,00
603926,铁流股份,25.870,25.870,25.820,25.980,25.200,25.790,25.830,1361100,34720125.000,300,25.790,200,25.780,700,25.710,2000,25.700,1000,25.690,1700,25.830,1297,25.840,4700,25.850,3500,25.860,11400,25.870,2018-04-16,15:00:00,00
603928,兴业股份,14.950,14.930,14.540,14.950,14.520,14.520,14.530,1549500,22751986.000,1100,14.520,1100,14.510,8600,14.500,500,14.490,500,14.480,300,14.530,1000,14.550,600,14.560,5700,14.580,1700,14.600,2018-04-16,15:00:00,00
603929,亚翔集成,25.130,26.400,24.990,25.400,24.400,24.980,24.990,5823871,145172949.000,5500,24.980,2200,24.960,2100,24.950,900,24.930,500,24.900,3900,24.990,3700,25.000,1500,25.010,2400,25.020,9400,25.030,2018-04-16,15:00:00,00
﻿603933,睿能科技,44.070,44.380,43.470,44.220,42.900,43.420,43.440,2047254,89248505.000,200,43.420,900,43.410,900,43.400,5200,43.380,500,43.350,1600,43.440,600,43.450,1700,43.470,2800,43.480,1600,43.490,2018-04-16,15:00:00,00
603936,博敏电子,21.060,21.290,20.290,21.360,20.000,20.310,20.330,2566401,53119827.000,1300,20.310,800,20.300,2699,20.290,3500,20.270,1200,20.260,100,20.330,2300,20.340,13100,20.350,2800,20.360,2100,20.380,2018-04-16,15:00:00,00
603937,丽岛新材,21.610,22.290,21.430,22.180,21.000,21.420,21.440,6248562,135016848.000,4700,21.420,1100,21.400,4100,21.380,300,21.370,2900,21.360,8300,21.440,3000,21.450,3300,21.460,3400,21.470,2700,21.480,2018-04-16,15:00:00,00
603938,三孚股份,33.570,34.040,32.900,33.890,32.630,32.900,32.980,2420660,80453044.000,500,32.900,100,32.890,100,32.880,500,32.870,1000,32.860,9200,32.980,9500,32.990,100,33.000,2400,33.020,1800,33.030,2018-04-16,15:00:00,00
603939,益丰药房,60.990,61.330,60.020,62.500,58.250,60.000,60.100,2011575,120308892.000,35059,60.000,100,59.700,200,59.690,300,59.500,19500,59.300,400,60.100,1100,60.110,400,60.200,300,60.400,100,60.450,2018-04-16,15:00:00,00
﻿﻿603955,大千生态,0.000,35.880,35.880,0.000,0.000,0.000,0.000,0,0.000,0,0.000,0,0.000,0,0.000,0,0.000,0,0.000,0,0.000,0,0.000,0,0.000,0,0.000,0,0.000,2018-04-16,15:00:00,03
603958,哈森股份,11.540,11.740,11.410,11.640,11.370,11.400,11.430,3077515,35352342.000,130200,11.400,6600,11.390,16600,11.380,5100,11.370,200,11.360,36200,11.430,600,11.440,5400,11.450,8700,11.470,6000,11.480,2018-04-16,15:00:00,00
603959,百利科技,33.730,33.730,33.210,34.100,33.000,33.200,33.220,762000,25666998.000,200,33.200,300,33.180,300,33.000,4900,32.990,100,32.900,4300,33.220,5500,33.230,1400,33.250,4513,33.260,1000,33.380,2018-04-16,15:00:00,00
603960,克来机电,34.000,34.030,33.930,34.270,32.750,33.900,33.910,963697,32380980.000,100,33.900,200,33.860,700,33.840,800,33.810,800,33.800,30,33.910,200,33.950,100,33.960,500,33.990,5290,34.000,2018-04-16,15:00:00,00
﻿603963,大理药业,34.770,35.570,34.470,35.480,34.000,34.460,34.470,3501475,121084922.000,1000,34.460,4800,34.450,3100,34.440,3700,34.430,1000,34.420,2600,34.470,2600,34.480,3000,34.490,2400,34.500,800,34.540,2018-04-16,15:00:00,00
603966,法兰泰克,15.170,15.170,14.940,15.170,14.600,14.920,14.930,1821708,27100464.000,10000,14.920,4600,14.900,1300,14.890,600,14.860,600,14.850,700,14.930,3500,14.940,6300,14.950,1775,14.960,10500,14.970,2018-04-16,15:00:00,00
603968,醋化股份,19.340,19.280,19.190,19.340,19.010,19.180,19.190,731900,14054379.000,3900,19.180,2200,19.170,3000,19.140,100,19.130,11000,19.110,6100,19.190,30400,19.200,24600,19.220,1100,19.230,200,19.240,2018-04-16,15:00:00,00
603969,银龙股份,13.190,13.190,13.110,13.260,12.910,13.110,13.120,4404897,57605141.000,2000,13.110,13000,13.090,1700,13.080,600,13.060,4300,13.050,16500,13.120,26300,13.130,9800,13.140,10600,13.150,7000,13.160,2018-04-16,15:00:00,00
603970,中农立华,28.110,28.490,27.090,28.470,27.050,27.050,27.080,4417092,122401414.000,500,27.050,700,27.040,2400,27.030,5500,27.020,5200,27.010,2300,27.080,1300,27.090,7900,27.100,1600,27.110,5400,27.120,2018-04-16,15:00:00,00
﻿603976,正川股份,28.000,28.790,27.750,28.420,27.000,27.710,27.770,3768994,104485672.000,700,27.710,400,27.690,2600,27.680,200,27.650,2400,27.620,7800,27.770,10100,27.780,3500,27.790,9100,27.800,21100,27.810,2018-04-16,15:00:00,00
603977,国泰集团,14.910,14.950,15.130,15.200,14.370,15.110,15.150,2138210,31740490.000,3000,15.110,800,15.090,600,15.060,3100,15.050,5900,15.040,1728,15.150,5100,15.160,9300,15.170,12700,15.180,16900,15.190,2018-04-16,15:00:00,00
603978,深圳新星,82.900,83.230,80.470,83.990,80.000,80.460,80.510,717700,58480682.000,100,80.460,400,80.450,900,80.300,100,80.220,300,80.210,4600,80.510,300,80.540,300,80.550,1600,80.590,300,80.600,2018-04-16,15:00:00,00
603979,金诚信,9.600,9.600,9.400,9.720,9.350,9.390,9.400,3435807,32767569.000,13200,9.390,29620,9.380,3200,9.370,14700,9.360,12146,9.350,5766,9.400,32196,9.410,1600,9.420,2200,9.430,6852,9.440,2018-04-16,15:00:00,00
603980,吉华集团,18.900,18.950,18.500,18.900,18.430,18.490,18.500,2466300,45948860.000,3200,18.490,600,18.470,3400,18.460,13000,18.450,2900,18.440,500,18.500,1100,18.510,3500,18.520,5700,18.530,1500,18.540,2018-04-16,15:00:00,00
﻿603985,恒润股份,37.340,37.780,37.650,38.200,36.880,37.500,37.750,1164280,43486474.000,400,37.500,500,37.420,2500,37.400,2000,37.370,2600,37.360,1100,37.750,800,37.760,400,37.780,7400,37.790,8500,37.800,2018-04-16,15:00:00,00
603986,兆易创新,184.000,186.930,187.700,192.500,180.500,187.670,187.760,5093057,957406925.000,200,187.670,1500,187.600,300,187.500,200,187.400,1100,187.380,8000,187.760,400,187.790,3000,187.800,400,187.870,200,187.880,2018-04-16,15:00:00,00
603987,康德莱,12.380,12.550,12.290,12.420,12.170,12.290,12.300,4155720,50927978.000,6700,12.290,6200,12.280,3400,12.270,18450,12.260,5900,12.250,16800,12.300,2700,12.310,8100,12.320,4400,12.340,4500,12.350,2018-04-16,15:00:00,00
603988,中电电机,30.290,29.800,29.680,30.500,29.660,29.660,29.680,1122750,33765887.000,3300,29.660,1700,29.610,1800,29.600,2000,29.520,1200,29.500,400,29.680,2100,29.690,3600,29.710,6000,29.740,2200,29.750,2018-04-16,15:00:00,00
603989,艾华集团,39.390,39.470,39.470,40.580,38.800,39.420,39.470,1258290,50047461.000,2700,39.420,100,39.400,300,39.360,500,39.280,200,39.120,1100,39.470,100,39.480,1500,39.490,1100,39.500,2500,39.590,2018-04-16,15:00:00,00
603990,麦迪科技,39.700,42.130,41.610,42.470,39.600,41.620,41.690,2090271,85695334.000,500,41.620,800,41.610,300,41.570,5500,41.560,4000,41.510,1000,41.690,600,41.700,1500,41.780,2000,41.790,4100,41.800,2018-04-16,15:00:00,00
